100,100,100,100,100
98.10471666,101.7320848,99.79478739,101.7230609,99.80912012
98.15267861,100.7710936,100.5245711,100.7833915,100.5429817
98.31417699,98.9121378,99.81510659,98.89758679,99.8743346
97.99648556,97.6993926,99.22453092,97.72478948,99.3484155
99.12751824,98.70784669,99.97421516,98.73707155,100.1081142
99.81532695,99.41224257,99.232502,99.48053473,99.41175265
99.82128282,100.8144687,99.15373472,100.8968528,99.35814132
100.2508696,102.3273577,99.46405526,102.3875237,99.64815909
98.68209715,103.4836111,100.3721444,103.4768594,100.5910095
100.5574687,103.948449,100.9130784,103.9448467,101.1168922
99.11324424,103.0646376,101.2558798,103.0279828,101.4096705
97.84411412,105.1305988,101.1887677,105.1271434,101.3298202
96.21153847,105.4024109,100.3631225,105.3997183,100.4700695
93.8334501,103.1972626,99.60563562,103.188643,99.69076917
97.46065866,103.4881102,99.87907102,103.522379,99.9090266
95.24497382,104.9862923,99.53542689,105.0001413,99.62306919
95.1123547,104.241831,99.52360225,104.2311728,99.58075493
93.9604633,99.98836956,99.40834931,99.96077725,99.42616687
94.84998732,98.70049996,99.33509836,98.73302742,99.33088328
95.28139968,99.70211456,99.40891149,99.77427867,99.3969312
94.47740767,99.53149146,98.78761782,99.62678246,98.74043264
97.56125923,100.1255754,98.4723623,100.2274938,98.44694863
98.58364067,100.0308637,100.0624454,100.0916235,100.0304209
101.6825196,101.0011431,100.7108152,101.0212257,100.6619232
101.7720668,100.4013605,100.1521169,100.3914317,100.0422439
102.5777058,101.091753,99.50611573,101.0570866,99.42044508
102.5270736,101.1095043,99.70572378,101.0739648,99.59389075
104.2364118,101.638995,99.05727836,101.5496827,98.95793139
102.2034981,100.2920544,98.02713562,100.1758812,97.94687824
103.2004631,100.0027639,98.93258807,99.91269704,98.8318098
101.0168256,101.0946366,98.84870898,100.9433452,98.80335386
101.2369617,101.9454878,98.33792461,101.752873,98.2824867
101.7919602,102.5206728,98.1267393,102.340617,98.05475705
100.9915478,100.3450546,97.83528954,100.1547393,97.80537656
101.0092669,99.87944277,96.61987679,99.69304121,96.59503918
103.0970249,99.4928248,97.23013942,99.33928855,97.17723927
101.5690458,97.52147509,97.63019379,97.38699033,97.60144418
103.751186,98.98109716,97.82214896,98.77562165,97.81096288
105.0803477,100.9481225,98.3641294,100.7345661,98.34196138
108.3199213,101.6454714,97.72809739,101.4037873,97.68940542
109.1535593,102.5823813,97.26380491,102.3217658,97.20024213
109.636049,102.2837515,97.09342264,102.1026717,96.98440753
108.3210865,102.8302175,96.77695936,102.7160536,96.65263221
108.9596795,102.6149175,96.29039881,102.5010284,96.16804574
108.4617727,101.8842241,95.94562614,101.7172553,95.7873582
107.58279,101.9572563,96.02014178,101.7899332,95.89455501
110.4759959,104.8972328,95.36396599,104.6602339,95.2213928
109.1173374,105.8513327,95.35952888,105.6413415,95.1489492
109.1806058,107.2415583,94.33614322,106.9719529,94.06089428
108.4646916,107.9479465,94.89665454,107.7622837,94.62385415
107.3460123,107.0888418,94.3393261,106.9811281,94.06909301
107.6019358,109.4753297,94.88336788,109.3593448,94.6374832
107.0967486,106.8211862,95.24860334,106.7104796,95.05372371
108.6969631,108.3522403,95.42190774,108.2892794,95.22098827
108.9985758,108.6894045,95.09167557,108.6022386,94.84208959
105.2254895,105.656441,95.18418318,105.6209941,94.9022139
105.0624825,106.2042442,94.87789447,106.1475958,94.59188257
105.9341715,110.5092484,95.39366705,110.5281288,95.10844564
105.343877,110.5800664,94.61826837,110.6613568,94.37807733
104.8535555,110.2040434,94.4259538,110.3260483,94.2277617
103.751439,106.1289463,95.25804391,106.2061151,95.07055886
103.3152373,107.0294129,94.64490921,107.1295594,94.45934358
102.4580092,106.1693666,95.0428076,106.2999766,94.81527787
103.2447764,107.7867586,94.16259979,107.956573,93.90786442
103.3112242,107.1328178,94.09017048,107.2949956,93.78590802
104.9878294,107.4700588,94.38397507,107.6328911,94.05070912
105.6523698,107.7285385,94.24376053,107.9020431,93.89001238
107.7581747,107.5239829,93.71437765,107.6430664,93.40467607
107.7630954,109.4746503,93.49194713,109.6059594,93.12205216
109.2245396,109.0362894,93.97384218,109.2168798,93.56138273
109.2946666,106.4414573,93.99466376,106.6761389,93.57440832
108.9089425,106.1728436,93.94698685,106.4258979,93.54797246
110.8128156,104.5595812,94.0227751,104.7626058,93.66522853
108.2851425,103.4718726,94.20044865,103.6565536,93.89132188
105.9980373,101.23073,94.45146526,101.4051285,94.13903791
106.8434473,101.4952819,94.17372853,101.6435051,93.83345349
106.1673724,101.1238603,94.12035636,101.2169652,93.86534222
103.8075234,101.9408881,94.23614205,102.0281137,94.01793942
104.8428808,102.5834127,94.02587617,102.7201923,93.83082701
106.1513,102.8219844,93.79260896,102.8875856,93.65302047
105.4085346,101.2338429,93.54351642,101.2164263,93.45731938
106.0805218,101.5803488,93.11214816,101.5811112,92.96799569
106.4007601,101.1118761,92.79643772,101.1595095,92.66728011
106.0527599,100.251528,92.52136606,100.3212443,92.42083784
106.8425973,99.60572692,92.43205572,99.62798043,92.31266653
106.6930051,97.62038947,92.17273959,97.62690146,91.98538951
107.1995026,97.94117822,91.01558502,98.03533919,90.8646844
107.4811732,97.47780651,90.83728398,97.5236926,90.70045983
106.7180295,96.46514127,91.82967405,96.49684565,91.63609336
108.1446419,96.22384674,91.96130543,96.18949436,91.7720596
108.3545326,96.80855868,91.49357391,96.77015373,91.29582774
108.4774317,98.50616934,91.51000724,98.48960729,91.35752857
110.917008,99.25656064,90.73012533,99.21562457,90.5888328
111.2646278,101.3564759,90.91048542,101.3467346,90.78653088
109.4780828,102.1251663,91.32167866,102.0965779,91.21109454
110.1819944,101.6017739,92.14773552,101.5383132,92.05157461
110.6625549,102.4703843,91.33018348,102.4114362,91.2496621
108.5117766,102.9927471,91.6787549,102.9332632,91.62106155
108.2804861,102.1423619,91.17044067,102.033347,91.06365052
111.2452948,103.4605219,91.59634363,103.3583141,91.46155135
113.2237475,103.9376429,91.91490961,103.7895337,91.79721471
112.1906712,104.3981218,91.72551399,104.2126969,91.59783096
114.014833,103.0259324,92.35472734,102.774671,92.17328335
113.1700383,101.7873427,91.21436123,101.465967,91.100197
111.9282437,104.848046,91.98907514,104.4327149,91.83079452
111.4852465,106.3006423,92.10293673,105.865703,91.97879687
112.1463171,106.7893391,92.53134456,106.3836616,92.40558303
111.5175132,107.2709704,92.72168702,106.8407507,92.51923543
110.2744365,106.6171292,92.40815796,106.2608869,92.15612707
109.3359773,107.1004313,92.40219328,106.7970988,92.18272564
109.60866,107.5219096,92.20431494,107.1829101,92.04103227
110.34662,109.7237107,92.42486028,109.3210503,92.26217902
109.7071554,110.6193173,91.20543187,110.2252793,91.08126514
109.9239165,112.4296695,91.60631482,112.0701451,91.52670191
111.8380558,111.1999658,91.22816901,110.8761707,91.15132765
114.7981128,110.3115272,91.17720163,109.962325,91.105512
115.3317277,111.7015714,91.26244202,111.4216274,91.12199174
115.5318475,112.523681,90.84110481,112.1676302,90.75197899
118.004236,113.0278249,89.82223939,112.6408937,89.6811483
115.9414114,113.0927395,90.34237795,112.774889,90.21152716
112.2590797,113.4090283,89.67740624,113.0835269,89.57646462
112.2525107,113.5580152,89.17369306,113.1953766,89.11420069
112.3161215,113.5663532,89.52493084,113.1387524,89.48290884
112.0964327,112.1233972,89.40397151,111.6278296,89.32178619
111.0016147,110.3676387,88.26691171,109.8164333,88.15262926
111.0651626,109.9855697,88.31008183,109.409837,88.19073309
112.4302539,110.1174259,87.95907224,109.5101323,87.87593878
113.1826326,109.7378096,88.21051441,109.2313718,88.11657953
114.2194111,107.7683062,88.09529421,107.2744936,88.00076269
115.4108011,108.1460419,87.86692307,107.6274039,87.71304716
114.4640434,106.2613419,87.58291921,105.7282078,87.40275008
114.2859108,106.2921009,87.86257544,105.7832057,87.693037
113.9546587,106.9563541,88.09415474,106.4383422,87.89330425
111.9469717,110.0507181,88.43427984,109.4268467,88.22257588
110.2045762,107.6988554,88.31410787,107.0869225,88.04221018
107.7451744,107.7038315,88.78370529,107.1720357,88.45069441
108.3901804,109.3176333,87.91300526,108.840692,87.52298822
110.1852085,109.2736366,88.31802598,108.8631836,87.93063689
110.1955371,111.5087037,88.77672245,111.1071145,88.37328845
109.485726,111.2809267,87.94231057,110.9205679,87.52185328
110.0004743,110.2978907,88.22248919,110.0014501,87.75184328
112.0083509,108.7800158,88.59603974,108.5454895,88.09542029
113.6833293,109.35671,88.12563643,109.0575646,87.6425623
114.6923803,107.6288426,88.18931088,107.271775,87.6772163
117.1494565,107.2200261,88.45364267,106.8559378,87.92580955
115.8214536,106.4252681,88.59799963,106.0031543,88.00675669
116.1854349,106.7150041,88.12947581,106.2871578,87.57231897
117.4619024,105.274328,87.8406865,104.7594119,87.30435063
116.2098177,104.2765714,87.37452207,103.7578441,86.80643171
115.7941639,102.3276931,87.32426024,101.7854545,86.68551159
116.531264,100.9616207,87.75613185,100.3548387,87.13236203
117.9158577,101.4955519,88.26053452,100.8540389,87.5548424
118.0121446,102.0941918,88.60259352,101.4491359,87.85865227
120.6948972,102.3506131,88.51799501,101.7533754,87.7884845
122.0439386,102.1476973,88.78068115,101.590085,88.06201854
121.4786753,101.8667781,88.28239961,101.3076027,87.59628312
121.8535685,102.4047968,88.12224013,101.8883904,87.37338508
122.0691427,102.7026101,87.61556107,102.1305545,86.80508804
121.4942962,103.9507353,88.793983,103.4477742,87.90562314
122.63796,103.3939235,88.66380392,102.9358219,87.73295356
121.566365,103.7885853,88.59492684,103.4164696,87.71265513
121.1550611,103.9033518,89.04118267,103.4913546,88.11081955
122.7971559,104.302427,89.63590172,103.8421036,88.78381277
122.1939732,106.6670534,90.00034912,106.1526278,89.16404276
119.9149791,105.0925804,89.67908855,104.6027008,88.87239454
118.6442214,103.3776057,89.67306582,102.9495586,88.874138
118.09648,106.654924,88.16162569,106.2511115,87.34543338
117.8390685,107.2035888,89.02131425,106.8104653,88.16964501
116.1430016,107.0383368,88.19923874,106.597797,87.32911221
118.5765238,109.239711,88.3011933,108.8301721,87.44666887
117.870341,105.5488938,88.10239073,105.1031802,87.25590208
117.4761343,106.5603111,88.14362831,106.0209574,87.32571757
118.5036833,109.2268314,88.57788326,108.6566351,87.74561004
118.5196922,107.8183141,89.27062858,107.291199,88.43642203
119.7711536,107.0244428,89.63680202,106.512507,88.77476958
119.0653947,107.0101335,89.96023964,106.579158,89.11701558
120.5492132,106.1472015,90.7177568,105.7305697,89.88043698
120.3709051,106.4436494,90.87113657,106.0593235,90.06834881
121.2490805,107.5375125,91.29367695,107.1747134,90.45916798
119.6967201,105.8022638,91.64744635,105.4245109,90.84937154
117.088829,105.6457238,90.74673108,105.2224009,89.95015776
116.6835982,106.7601467,90.39949566,106.3421299,89.58141126
115.293942,104.9661847,89.59684761,104.6407279,88.82931926
115.208082,104.6158335,89.26926688,104.2376022,88.4447814
113.1283615,105.382369,89.11749473,104.9774789,88.3332237
113.6539169,106.0271449,88.91192464,105.5926118,88.08329866
112.490998,105.3845789,89.60648753,104.9460751,88.74552803
112.5415421,104.0945666,89.38674764,103.5887936,88.50257071
112.4718411,106.3204678,88.99442242,105.7512901,88.18498059
111.2764482,107.4171233,88.75986523,106.9039489,87.99087253
110.4548625,108.8533607,88.49774855,108.3780036,87.72337152
111.7192166,107.180229,87.6975863,106.7384577,86.95470284
109.7222661,107.9577232,86.52475258,107.4433068,85.78503603
109.7975173,106.4171909,86.36999417,105.8743229,85.61825992
109.3388126,103.8372866,86.71037421,103.2466077,85.97052161
109.3428914,103.7107989,86.00732557,103.1033045,85.26157858
109.9777518,104.0380767,86.13725718,103.484687,85.4443366
108.7932105,103.5619206,85.92792495,102.9895707,85.22640355
106.2074238,102.2626241,86.49144026,101.7197446,85.76403816
106.2591303,101.4901443,87.31218447,100.9069922,86.56373207
107.0756263,103.1543147,87.79447333,102.5322602,87.0274264
107.818029,101.6436041,89.10642609,101.0743481,88.30866751
109.1595116,102.9033321,88.96787972,102.3490582,88.16882009
107.6009383,105.2992768,89.55274419,104.8261963,88.72477246
107.4122044,103.5043582,90.81196594,103.0874667,90.00325242
104.8323873,104.4769741,90.24756855,104.0097146,89.48255802
103.6485923,106.0123063,90.44236048,105.5284581,89.64428964
100.5880269,103.5797795,90.8961277,103.0637412,90.12597634
101.4658389,104.0074666,90.42403806,103.5081826,89.6586458
100.2556837,105.3415007,90.00060028,104.8951484,89.23653971
100.9563233,105.0873224,90.63937307,104.5808772,89.84509794
101.1497946,106.2957199,91.1054925,105.7780805,90.3150807
101.7458039,105.1925405,91.11244952,104.6960873,90.25784124
100.3855098,104.4497564,90.79758718,103.9282794,89.95690469
100.6714559,104.7556931,90.18953299,104.2566311,89.28582706
98.85762002,104.4378941,89.41204808,103.9737646,88.48116256
100.1758705,104.7959796,90.32793124,104.3142299,89.39269952
100.4553473,104.263622,90.4296175,103.7986488,89.54171616
99.08533401,102.1906604,91.27110251,101.7482344,90.3386802
100.0085976,103.4641363,90.19274998,102.9952931,89.30697726
99.23674094,104.1892037,89.71228134,103.7259568,88.8082788
98.92683205,104.3564353,89.66627318,103.8825371,88.71381645
101.5848177,105.3832074,90.1872848,104.9233603,89.24295852
99.40238001,106.2702315,89.68233232,105.7409326,88.76494675
98.60685776,106.139574,88.39563056,105.6426732,87.55351794
99.55368618,105.8846759,88.64995177,105.3883331,87.80329898
100.1841498,104.5181206,87.95491014,103.9819485,87.13918084
98.14989593,105.2304864,87.67147382,104.6806104,86.7925903
97.82734729,104.5706495,87.89863664,103.9952682,87.01636633
97.08378196,103.9211328,87.65371792,103.2606859,86.81755735
98.0300724,102.6329131,86.70873132,101.974844,85.84118193
97.85721761,100.4539722,86.74894975,99.85569613,85.93858054
95.45382274,101.6672901,86.56472771,101.0924806,85.80218579
95.7292325,101.1640581,86.1024441,100.5926094,85.35604175
93.96252396,101.6871015,86.5735323,101.1401159,85.84746365
94.42104419,101.9699637,86.08324079,101.4220314,85.3201878
94.81267009,102.6294631,86.51202252,102.1092695,85.72164892
94.47715573,103.7578907,86.16110589,103.2039561,85.37052233
94.2403523,105.2580731,87.05329453,104.7252345,86.3042334
95.04996066,107.104937,87.94270827,106.5089761,87.22334047
95.46137296,105.9220343,87.84991739,105.3611211,87.13279476
96.02075101,104.6441097,87.36299904,104.0733614,86.72409648
97.87871062,106.1418752,87.38711219,105.4647097,86.70615145
97.55482796,104.9842871,86.70038721,104.3155355,85.99794091
99.9161486,107.837623,86.42569495,107.1619204,85.68363467
99.0914669,107.2518714,86.41155092,106.5703042,85.66789941
101.0912334,105.3402696,86.29935178,104.6565632,85.59476822
102.2151627,103.6722273,86.55164453,102.9611012,85.83887244
101.4283633,102.4133256,87.22449204,101.7019756,86.47095024
99.64943469,103.0438802,87.64590487,102.2562069,86.94158853
100.0829542,103.3644823,88.57553416,102.5014608,87.77984801
103.2566118,104.7996625,88.48852644,103.9815275,87.69371745
101.895517,105.1720216,89.13593483,104.3411501,88.34385073
102.5706662,106.6998453,88.93136613,105.7965434,88.17154349
103.874882,107.2666319,89.06174678,106.2884563,88.258452
104.6950749,105.3028512,88.39268518,104.3699425,87.59678784
105.8218909,104.1484085,88.46144188,103.2354147,87.59411237
106.7366074,106.3977985,89.00622081,105.4608108,88.12457457
106.7373044,107.8116885,89.32516755,106.8485134,88.50713005
106.9627585,108.6494893,88.81191882,107.6184864,87.98944503
107.7560649,109.532695,88.52100189,108.5216077,87.74698993
106.993373,110.3202774,88.31063092,109.3244643,87.50355626
105.4396008,110.7894256,88.49702504,109.8632474,87.71112981
105.5585983,111.1670724,88.03576404,110.2845079,87.21306588
104.7671793,112.184497,87.39920781,111.2151431,86.62869841
103.0278154,113.2025754,86.72511571,112.1837966,85.97013627
105.5282438,114.0580229,87.46753998,112.9891112,86.75349803
107.4437847,113.6904776,86.56510524,112.6415985,85.79428151
108.755292,114.5781621,86.24411658,113.5789457,85.42095792
109.4207352,114.8971422,85.48146501,113.9177988,84.65724214
110.3820082,114.8851004,86.3826041,113.9833452,85.55261777
110.1836108,115.1513713,86.43180635,114.2644985,85.62282095
107.6240999,115.0149598,86.5722944,114.219062,85.78641956
104.5084002,115.4145568,87.24341324,114.6528526,86.44402305
104.4061709,115.455881,87.59383231,114.6486881,86.78294391
103.2107428,115.6531666,88.01076957,114.8417727,87.20437817
103.1922468,115.2050101,88.5187967,114.4297246,87.69742854
103.8631615,115.3540184,88.53870927,114.5706499,87.7958026
102.2458516,115.2430935,87.85475643,114.4709756,87.16720709
100.5937835,114.8691501,88.55578428,114.1900083,87.86064908
102.0667653,115.0255052,88.86141967,114.3245972,88.20549877
102.7267307,112.5522861,89.38414693,111.8256674,88.74833767
100.7351842,113.1194071,90.19978566,112.3592824,89.55020264
101.5638386,112.6848029,90.28636382,111.8723442,89.56164681
100.2625949,113.995608,90.39620116,113.1228863,89.64942256
97.71176686,112.1839913,90.49920285,111.2886845,89.70968767
98.47177809,113.3547503,91.53941363,112.4814755,90.79586266
95.661255,112.4007865,91.93786373,111.536761,91.22191829
97.917524,113.510984,91.24456066,112.6136723,90.54376559
98.73519564,114.5172024,91.13467426,113.6384001,90.39571307
96.95140117,112.7555381,90.7937389,111.9332972,90.07193819
95.89917964,111.0582638,90.37051643,110.2872235,89.69405297
96.27677139,110.272476,91.29593825,109.5112848,90.64551847
95.66364798,108.7965658,91.92196545,108.0695036,91.26934292
93.99715581,107.4415907,92.10621378,106.7476084,91.47500093
95.88105394,105.2223443,92.03832083,104.5325238,91.40501025
94.21340909,103.0213612,91.30523106,102.3673646,90.62753292
95.58341383,103.0381101,90.5344986,102.3440664,89.79941483
97.73115404,105.1290971,91.31949255,104.4309924,90.55429407
98.20009101,104.2390195,90.31704021,103.5479773,89.52090629
96.91213675,101.4517028,90.34041052,100.7634381,89.59456573
97.34057748,100.9576956,90.04993578,100.3277683,89.29181961
97.42565858,102.7399716,89.94260041,102.1289657,89.23767909
97.90954553,104.3558808,89.37682675,103.7407163,88.66100776
99.00717582,102.1497547,88.84477317,101.5939306,88.09939963
100.1304654,102.9255404,89.17049259,102.4288114,88.41325075
98.92773278,103.5673969,89.33004186,102.9669393,88.58143006
99.22502378,104.0856177,89.4003234,103.557455,88.67658313
99.6948519,104.4220218,89.60317095,103.8587499,88.86297834
101.4411018,103.5354362,89.11843117,102.9547464,88.35685197
103.1364679,103.5034834,88.01574032,102.9182094,87.31744442
103.5314312,104.2068255,88.58485223,103.6181685,87.82627981
102.210316,103.5061427,88.97409358,102.9866086,88.18593303
102.3796624,104.1569141,88.83651745,103.5660858,88.0710078
100.1679091,102.1229033,88.98973847,101.4876951,88.26132403
100.7822966,103.9916043,88.93388236,103.3260865,88.25828685
100.9629007,102.374209,89.16997917,101.6884087,88.47922182
101.8224668,105.4351345,89.56520756,104.756026,88.94151304
101.8434255,103.9125928,89.88428113,103.2684538,89.18531569
103.5500343,105.2842752,90.3470082,104.6180904,89.63707295
102.104353,103.9527931,89.97138386,103.2690295,89.19714747
100.5790001,103.1861342,89.94350212,102.5383028,89.15593969
101.816103,102.4969832,90.65409561,101.8770564,89.89949535
102.0233528,102.3824283,91.22686832,101.7949764,90.44569175
101.8665984,104.770806,91.51723352,104.1844521,90.69531862
102.5323086,102.3410223,91.39263895,101.7609489,90.56811688
102.8316828,101.8877457,91.56702366,101.2357047,90.6849262
100.6130384,102.2798535,90.99572856,101.6622045,90.12828015
101.1065484,101.7163474,91.56420893,101.1487095,90.70001713
100.764571,104.1687516,92.1551309,103.580748,91.25967939
100.5061863,104.0205014,92.16823191,103.4294533,91.33975203
97.54434941,104.2721472,91.4878053,103.6820971,90.65223173
97.34433705,102.8455376,91.74961247,102.2608858,90.88946563
97.87921583,101.5059552,91.90249441,100.9290407,91.04360218
97.24354781,102.0775866,92.0436244,101.4318488,91.15361289
95.24990836,101.8391067,91.96966317,101.2161991,91.05167135
94.49473268,100.2587311,90.69218288,99.57111306,89.73755051
95.66581168,99.13148858,90.78685569,98.4481389,89.81058699
93.80019876,98.5181208,90.83022926,97.78303606,89.87427896
95.29181292,99.08728045,90.63800694,98.35811496,89.68235906
94.34734995,96.86725861,90.4227669,96.17826569,89.39840541
94.47475846,98.54499003,89.84325113,97.84702244,88.81823321
94.25911866,101.3984454,88.67559933,100.7616434,87.69042026
95.74214201,102.7432234,87.77430377,102.1079083,86.81013574
92.98349144,101.3197082,88.59177902,100.7041465,87.6757677
92.52535726,101.3379003,88.27141487,100.7573042,87.30588732
93.09826619,99.73352158,88.14004803,99.25255452,87.22839585
93.4731892,99.55242141,87.63571904,99.15039652,86.7086237
94.9217742,98.46437822,87.47755973,98.09968328,86.4830456
92.94148685,97.79081044,87.54826253,97.43008268,86.57387241
93.54938627,98.28019572,86.71784095,97.95192404,85.69862216
95.31261844,96.9481224,86.22249712,96.60381715,85.23388845
95.9089488,98.90322011,85.18717424,98.53830829,84.15227062
98.03975347,99.44569895,86.15686855,99.06128861,85.17043115
96.15690335,98.87565099,86.13720072,98.48484941,85.18183988
96.07668586,99.92666792,85.82194199,99.55588469,84.88569869
96.85112563,99.49313502,86.64525356,99.1148934,85.70571576
97.04987579,98.80340219,86.71003858,98.3578704,85.75495836
97.49272427,100.4395297,86.20050735,99.99445437,85.24136262
97.12663768,100.155694,85.60335842,99.63434543,84.66466236
95.38991178,97.25539922,85.61952745,96.77252094,84.66119998
96.93720171,98.92642685,85.6178904,98.48291051,84.64838435
95.26045075,96.87947322,85.10052522,96.49607086,84.18075014
97.62468454,97.75772205,85.02079241,97.4058482,84.12590551
98.07987229,97.69419367,85.37746653,97.2898545,84.4468133
96.87081543,96.81568643,85.11076854,96.4897361,84.17944629
96.95773999,98.44605734,85.42773805,98.10634188,84.49357684
97.70443507,97.33229828,85.62067887,97.00334592,84.68473449
97.44880999,98.67292777,86.22551448,98.41634291,85.20945889
95.79958261,97.96169561,86.28638748,97.79423799,85.29455334
94.57603402,98.08803875,85.98652416,97.89974157,84.98215416
95.48849314,99.80349003,85.49151721,99.57013313,84.56123965
92.48120653,101.0632004,85.7589536,100.8417726,84.79539089
90.42888831,99.74999618,84.97762518,99.56762033,83.99577532
92.93549267,98.30130855,85.6201218,98.14872774,84.60541965
93.38868544,97.27212441,85.75021107,97.08585151,84.78094887
92.77369283,97.18723276,85.51411102,97.02227903,84.50596568
93.70044707,98.12310625,85.79998689,97.99203343,84.82248077
93.97202424,97.67432462,85.49670491,97.59054336,84.53828313
94.51880024,96.71687198,84.88825298,96.65827644,83.87219615
96.08477854,93.7909855,84.81077154,93.67810483,83.85303957
96.53208455,91.84723329,84.33811556,91.75886299,83.40262293
96.80340521,91.41823838,85.2213274,91.35324373,84.26438819
94.17263556,91.6355135,85.62373443,91.51493086,84.69966305
92.69681353,92.92058992,84.6315145,92.88507638,83.71032222
92.02877831,93.39489674,84.5388048,93.31090047,83.6559111
93.03586062,93.83150986,84.91875019,93.76566554,84.02665232
93.36771034,92.7240312,84.96674973,92.62090164,84.10445058
95.60165153,91.94029023,84.67651772,91.81014526,83.77598758
95.14787278,91.94349249,84.76926985,91.8329194,83.8900642
93.46870549,93.3798354,85.09083687,93.31434335,84.20807124
94.7287103,95.50611267,86.01314594,95.44173338,85.11745285
94.02166096,92.93281156,86.08592715,92.88594586,85.20237242
94.45153277,93.94754237,85.74253663,93.85864105,84.85984059
92.91048564,93.07290672,84.40263798,92.9662059,83.5033037
93.81414946,90.86918876,83.26722821,90.75548399,82.34340492
95.52712581,90.2940404,83.72977021,90.17291975,82.82143662
96.42999854,90.09959889,83.73007612,89.96356771,82.87680479
96.17633497,90.61512563,83.67996855,90.52309803,82.78188004
95.19090936,90.02112861,82.88193441,89.92556097,81.99187098
95.08080797,88.66703747,82.65786388,88.55969835,81.71575364
93.23586557,89.00886096,81.8708762,88.89363927,80.92027203
91.1854779,86.1896342,81.76877769,86.15038352,80.83361715
90.69456756,87.79978394,82.09223127,87.72207902,81.16490428
91.01516949,88.1780588,82.39296935,88.13025439,81.44903635
90.64517138,87.93020338,82.88894084,87.87542614,81.94602809
87.91711508,86.71561761,82.79849663,86.60190249,81.8238219
89.22566347,87.68119563,82.88539382,87.56667928,81.90150944
89.8701847,84.26714388,83.2561266,84.11697863,82.24310416
92.02292773,84.10818711,83.73912918,83.97226122,82.68527721
90.12646719,84.14806211,83.59579824,84.01690291,82.52192184
90.26915376,86.59898256,83.46028792,86.5119266,82.34483545
91.05919253,84.84767703,83.20082893,84.76768089,82.09109998
91.39340149,82.70153743,83.71756617,82.64823772,82.59661877
90.15546899,80.86586666,84.51534596,80.81812068,83.45446768
92.56655399,82.90471649,85.09445298,82.8630841,84.08266612
91.33030391,83.22505061,84.78864768,83.18136596,83.79309786
93.03908446,85.99872276,85.10430786,85.96203673,84.13281405
93.95452969,85.52869838,85.14999936,85.4844024,84.19848162
94.57739166,84.88970078,85.57742996,84.90761261,84.62418222
95.89094093,84.06731533,85.43663978,84.08457536,84.45533867
95.18179479,84.90386138,85.16589511,84.86702818,84.19932591
95.01370095,86.20791889,84.64562108,86.15340162,83.70406021
96.3923535,85.85908153,84.15464274,85.80548796,83.27118257
94.94825675,86.49740786,84.08491916,86.48484249,83.22787893
95.25489385,87.79451112,84.01708634,87.78844832,83.12591656
95.14034808,88.89237667,83.51764483,88.89919914,82.59205879
92.56699655,89.8049377,83.64842093,89.88705715,82.77502661
93.6566997,89.76382167,83.01138193,89.80112391,82.1342266
94.68207416,92.15675274,82.93105929,92.19563413,82.03595696
94.62508154,93.90506036,83.07824779,93.91821435,82.16689937
93.33192858,94.732527,82.66585887,94.73594986,81.73076309
91.62903362,95.21717091,82.93600673,95.26957948,81.95838754
92.84480537,96.33780352,84.01664331,96.3452744,83.03563129
93.17368344,97.774557,83.23075146,97.69553087,82.2590625
92.98120435,96.93649548,83.43450942,96.8768026,82.46846095
91.50666776,98.80142884,83.27103156,98.7119542,82.33563247
90.66027767,99.99426644,82.78513132,99.87426956,81.84227322
91.20480904,100.902302,83.10352806,100.7278965,82.21073702
89.66598736,100.9025007,83.09296396,100.7741984,82.23332746
88.62248827,102.1377445,83.42704794,101.936515,82.52340537
90.29047291,101.4487672,82.92520077,101.2046883,81.97589059
90.74558189,99.78139666,82.75272983,99.56783364,81.80432971
92.45334023,98.35122521,83.38349816,98.14958194,82.44136308
94.02495383,98.42060536,83.80184594,98.22984272,82.81385984
93.9336702,99.26559636,84.22053867,99.06700975,83.23294079
92.55951059,99.98218911,84.73973361,99.81867816,83.76677393
92.68695301,99.83921724,85.08284556,99.69967597,84.12595313
94.89792813,98.95179441,84.62441131,98.79254617,83.66857551
96.25510381,101.8285362,84.11616213,101.6835997,83.16743835
98.66943018,103.4712178,84.30451699,103.3551796,83.41484681
98.74158156,105.7694776,85.00811796,105.5880607,84.13183035
100.5548682,104.3590555,84.86252782,104.0836623,83.9797731
98.54531792,102.6033955,85.29019246,102.3827965,84.41092696
98.66216325,102.149434,85.12414525,101.9606578,84.22810362
100.0306035,100.512202,85.26851927,100.2698243,84.42054078
98.01322524,96.94460733,86.05036684,96.70182113,85.20243137
96.06469115,96.38742399,86.76387116,96.18554242,85.91576761
96.7304246,94.71063011,86.85618384,94.52108055,85.99864686
95.1777502,93.22619132,86.96108157,93.09178879,86.13757831
94.09303172,95.87863323,86.07965075,95.76666318,85.28912013
92.73254073,94.11079327,85.94305745,94.00009262,85.18905207
93.05056795,98.12499332,86.20610907,98.01487258,85.40989321
91.98807445,96.18537648,85.91946765,96.14864546,85.1558742
91.77207409,95.63812868,86.58854903,95.64170926,85.83350449
91.84653318,97.32990426,86.49128146,97.32260444,85.74094808
93.9723098,98.38218425,86.93262172,98.34833342,86.18391574
94.33367006,100.5954873,86.62875498,100.589135,85.90012946
95.09979257,101.0377456,87.27626125,101.061678,86.60284586
95.45056297,100.2110004,87.1264219,100.2022802,86.41360049
94.16911237,98.97502046,87.09075053,98.9492802,86.37474734
94.33635574,97.8717391,86.60370513,97.84635093,85.88222375
95.47667646,94.20594106,86.5317065,94.20144751,85.8321175
93.29782411,93.74677144,86.50936092,93.72497632,85.84296844
94.64780562,95.13092374,86.10538118,95.11630795,85.49166977
97.51867657,94.8284001,85.98348806,94.84611865,85.3329389
98.72281243,93.82756908,87.20053767,93.85335916,86.54295131
96.5720621,95.3050293,87.1693858,95.30063322,86.44288021
95.31182669,95.80688868,87.2295146,95.75147299,86.47559604
92.34970368,94.48013925,87.18706216,94.47396999,86.43915309
93.72429883,94.92976323,86.89304508,94.90403711,86.19166257
92.40997804,94.28825777,87.26500933,94.26334721,86.54462498
94.21552296,93.71416276,86.9515484,93.62819933,86.22570428
96.61255701,93.54267485,86.85433447,93.39544231,86.16541058
94.56643886,94.23788229,87.00699585,94.11899999,86.36765242
94.48006723,95.29467129,86.0873952,95.10763538,85.47697699
94.82274629,95.32471289,85.90346078,95.18539352,85.27794318
96.03114932,96.13324082,86.20134509,96.02906862,85.59744422
97.70751455,93.8674283,86.04761006,93.72592148,85.39271338
97.73134393,92.97963511,85.3324237,92.84243332,84.6889572
98.45757232,90.83339588,85.44480516,90.65500633,84.80763657
99.62857497,91.49727766,85.75691708,91.33368586,85.19644244
100.2301257,91.07321969,85.49913139,90.91662612,84.90613085
99.77255166,92.09862877,85.10842454,91.87987058,84.52879824
100.309626,91.20786026,85.68251382,91.03230591,85.05752721
100.6255228,91.17320856,84.98910189,91.03219737,84.38032974
100.4967384,92.21311221,84.34284789,92.06573322,83.71868726
101.4145405,93.67892473,83.89846904,93.58367991,83.23460136
100.3406115,92.65928338,84.01440178,92.54256286,83.32634724
98.49572274,92.75376682,83.65196369,92.61029484,82.96307486
98.77003874,93.78389419,83.92494821,93.65198733,83.24909603
98.25447898,94.1753285,84.14145518,93.97683469,83.47229857
97.16486964,91.002391,83.70613029,90.77424838,83.01222751
97.54445669,91.05220282,83.80318699,90.84636161,83.0663262
98.86200327,91.01555142,83.89486365,90.77246834,83.15731316
96.72648059,94.92975966,84.63679968,94.68141067,83.869682
96.17942244,94.27910086,84.55044669,93.97185334,83.75370378
96.86400502,93.39848239,85.31306478,93.16272344,84.47537908
98.11754631,92.80095563,85.76570946,92.64910318,84.86905581
98.3884255,91.52896468,85.72956787,91.40960076,84.8910166
98.90781234,90.85301442,85.80768021,90.74381457,84.93178804
99.72485615,89.07589396,85.9990916,88.97789879,85.11002895
97.93228336,89.44035521,85.6616387,89.39337826,84.77572215
96.68143775,87.56795165,85.34439194,87.510532,84.46119239
95.46502667,89.37820772,85.77589905,89.34787128,84.93353788
94.49020591,90.00754255,85.77498726,89.94477734,84.92987387
97.18997515,89.86124037,85.05140722,89.78007546,84.23748999
99.28567026,92.88616974,85.72078387,92.79313668,84.9415119
97.42084679,94.4885516,85.34259902,94.38757432,84.61705992
98.97063887,95.26313642,85.59368576,95.13062879,84.90940569
96.62234907,94.65833709,85.39256167,94.52328484,84.71236196
96.1538617,93.35516739,85.36532444,93.19645071,84.67060349
95.52091967,92.12506791,84.96451459,91.95552867,84.25257812
95.4920638,92.94693256,85.39193689,92.68882794,84.68211585
95.4402457,92.95687641,85.50151754,92.67336113,84.84634853
93.6729415,92.60173989,85.25828052,92.34319557,84.59466797
93.1453961,93.33445188,85.59757584,93.09047489,84.87320023
90.7089583,95.1921039,85.79355023,94.93496721,85.06427702
91.40153142,97.68865086,86.07018071,97.39105078,85.35432018
91.84196523,96.81658938,85.76480772,96.5927717,84.97818702
88.10970752,97.64865166,85.99888247,97.43785589,85.19153591
87.42669866,98.14458673,86.28637185,97.91075074,85.51278819
86.34752669,96.70418876,87.39520336,96.47098564,86.61648075
87.24788896,97.85482582,87.8163386,97.57676446,86.99363056
88.50112126,99.84462781,88.67963283,99.60347208,87.89322485
89.72464169,99.70401946,88.95680928,99.38559612,88.11322032
87.37648601,100.1091542,89.04205986,99.7750795,88.19076311
86.92769232,100.9476514,88.88139996,100.6609914,88.05538793
84.14090215,99.36716421,89.15754145,99.08437604,88.25491415
84.00534229,97.10832076,90.13198877,96.86026997,89.19463008
82.84271932,93.36596555,90.37432317,93.19946065,89.47406362
83.67569081,94.88298144,90.97191311,94.74818693,90.11159646
83.05526473,92.42152661,92.09547656,92.2396173,91.24472967
82.06528689,92.40697552,91.72433971,92.24916857,90.91508235
79.93031661,90.77201053,91.46970074,90.69858105,90.64605912
76.59761681,90.89976932,91.51792482,90.82340309,90.7153048
78.85802586,90.40935794,92.44442517,90.30425769,91.64185511
79.21201097,91.92121034,91.37334581,91.77885129,90.60895711
80.42789614,93.28406981,91.58257968,93.10247578,90.85814533
80.3369607,94.69166701,91.19081325,94.54925842,90.52920327
81.16360108,94.07611254,91.72280778,93.93245299,91.04886941
80.84613321,92.007014,91.61805816,91.86219245,91.0055417
80.34882475,90.96726651,92.26787216,90.77777998,91.65733535
81.69532807,90.17288156,93.20320245,89.97115095,92.62334921
79.73036378,89.11112194,93.94054817,88.84350504,93.32591409
78.33208554,91.91976662,93.82282225,91.61176718,93.21619739
76.30945266,90.82750477,94.011193,90.47361067,93.41606021
75.82061165,91.23329752,94.541125,90.84116162,93.98120898
73.80988811,90.83133668,93.35618189,90.4845059,92.8290622
75.31079704,90.808716,92.85527095,90.48062367,92.32651469
75.41571625,89.90583887,92.82407453,89.60090446,92.28297202
76.29475839,88.49421574,92.4954591,88.16582104,91.93102053
74.85265902,87.5390673,92.70368828,87.21949026,92.1448856
74.40910025,88.93254503,92.1075945,88.54707736,91.50616388
74.52527577,90.23122294,91.2079474,89.89770687,90.57527211
72.5916823,87.72556937,91.13292123,87.46674905,90.45732542
71.99843313,90.6526414,91.30434146,90.39418987,90.64132768
71.86159179,89.66611121,90.59712159,89.43073812,89.88051273
73.45664458,87.06977518,90.63926832,86.83501908,90.00200548
74.53907747,88.53599409,91.15575984,88.24751251,90.54172014
76.98198961,91.44622393,92.10038589,91.15723212,91.40228339
76.79304347,90.32496881,91.86739711,90.09944785,91.18724738
77.68568869,94.26220248,91.58013805,94.06721217,90.96724689
78.24165064,91.54545132,90.61200289,91.3390145,90.01953747
74.0162917,89.14988061,91.16632058,88.94218046,90.53997622
73.38594805,88.1082276,90.73667946,87.89475138,90.16128949
74.4038485,87.99218181,90.20413827,87.82318591,89.64300794
75.35982821,90.57430376,90.95630255,90.41997664,90.34846011
72.78832463,88.48980311,91.878992,88.33661271,91.19345819
72.59794329,88.55957479,92.64627741,88.40465112,91.89136959
71.93193457,87.7236478,92.72467294,87.59026359,92.01082782
71.73868341,88.489748,93.02656785,88.38107785,92.30084023
72.3054032,88.79271573,93.29720669,88.68449844,92.61492234
71.69902701,89.06636851,92.37237007,88.99483627,91.7576206
72.24894555,87.4754687,93.11053672,87.42301515,92.48346649
71.67616419,87.19079847,93.27829112,87.15393399,92.71133612
72.57313309,89.07517804,94.07346459,88.9955551,93.5321666
73.50484317,88.48977672,94.01820542,88.4297459,93.40794368
72.50150432,89.02020419,95.23592863,88.95240943,94.63235599
72.44111536,87.89599673,95.42130715,87.89245581,94.83206146
72.97637691,87.88028044,95.42073745,87.90572532,94.88636846
71.07994047,87.96021903,96.06761822,87.97750544,95.50598233
68.9545701,88.66742162,96.00272913,88.66535756,95.4497737
67.8208987,86.71446602,96.43659587,86.77921076,95.90160255
68.99884964,89.5726726,96.03278124,89.69288722,95.46328322
69.39534964,90.76776339,95.31776586,90.82911211,94.70887079
70.91210871,91.4063705,96.1546169,91.39239298,95.50112773
71.35651509,90.80128487,95.59579107,90.79802857,94.98162656
73.18166761,91.50868843,95.04874242,91.43993977,94.40911905
74.05007215,92.44254873,94.78392815,92.38284948,94.06900251
71.74381755,91.92479708,94.54964545,91.81912452,93.81565376
71.99355769,91.65111049,95.22891578,91.58801942,94.48269283
71.44265557,91.95353152,95.47167841,91.87528817,94.76248004
71.23041609,90.18104562,95.01576618,90.11760601,94.27149863
74.25468764,92.55038607,95.55724974,92.47853636,94.81173032
74.31746525,89.44237277,95.52786579,89.28785489,94.82959403
75.62689613,88.36538558,95.42878259,88.20513141,94.79760053
74.83034255,88.33449478,96.32414317,88.20567744,95.67473805
73.8746208,89.88650685,96.91506631,89.77422914,96.32488925
74.21225206,88.74790386,97.94315292,88.67357055,97.30586994
72.95208353,89.35192795,98.47267893,89.19677564,97.77090909
72.49817608,88.23091548,98.6183806,88.10270838,97.96869802
72.82074602,88.76075643,98.51997581,88.62111376,97.85661764
73.26113871,87.59546801,99.19462524,87.38530046,98.46569136
73.1756487,88.80980342,100.1767236,88.58069591,99.43442855
72.39651786,87.76724672,100.7825537,87.48359472,99.99295458
74.86900038,86.80936064,100.6314861,86.49884871,99.84670815
74.64129183,87.28964459,100.9265614,86.92502757,100.0739997
74.90422855,86.99865915,101.5318341,86.62575533,100.6498838
72.3737224,86.27538768,101.0817411,85.87345581,100.158273
69.59904515,86.12053491,100.0672433,85.7827353,99.13356131
69.40535172,84.352356,101.187575,83.98455139,100.2370947
69.69003064,85.43849033,101.5292316,85.09240144,100.5501998
71.30557104,86.9574586,101.4010572,86.6099291,100.4195076
70.20187767,87.08091008,100.3372954,86.79159011,99.37486465
72.76229128,88.48538329,100.2857339,88.20329099,99.33689046
70.42222799,88.6300358,100.7642745,88.32031347,99.85655552
69.58190859,86.24272173,100.3561332,86.00746821,99.41016273
67.60234527,84.98652718,100.1072655,84.73898223,99.13602902
66.94221714,86.31776529,100.1433161,86.02220367,99.23196604
69.85061999,86.22749797,100.4134908,85.91568855,99.51198673
66.66589352,85.68157209,99.77782332,85.38962583,98.800088
65.82104341,82.62267879,99.98865832,82.32155892,99.07829399
64.96622848,82.85981258,99.57617995,82.53051567,98.6117233
64.48820285,81.70856069,99.81171228,81.42186539,98.76235076
62.71295121,80.93206391,100.1175444,80.61667488,99.10633552
62.45140304,79.25344423,100.6168467,78.92124436,99.559293
61.75783892,80.71046865,99.61137589,80.34012627,98.63006604
61.21885066,79.94475646,99.58016956,79.56013264,98.54722296
63.64883649,79.00829471,98.3903116,78.58967915,97.29226187
61.49269192,77.11270844,98.35727344,76.63790616,97.25453262
60.76338297,78.28010361,97.77169225,77.84964952,96.67139514
61.70887924,79.91575855,99.1072134,79.40638681,98.03447193
62.6942858,82.0921637,98.71919491,81.59573432,97.67195865
63.54786518,82.58429452,98.75956116,82.09819703,97.71101724
64.26521715,84.22044091,98.53671021,83.75539407,97.55974862
66.75822598,85.12287914,98.05322617,84.6511562,97.16507625
67.4184965,84.23966642,98.68331242,83.79686276,97.82925199
67.13444808,84.19053344,99.09063038,83.78090558,98.24554422
71.53731582,85.88835761,98.4712693,85.47251028,97.68734456
67.96174185,85.9443192,97.44641991,85.53524329,96.63856914
67.53481659,86.28300236,97.19975574,85.83894741,96.44653598
68.21522101,85.57850987,97.68288252,85.13876091,96.96500083
67.66567903,84.72358592,97.89393465,84.2956035,97.15590118
67.95616163,85.28886927,97.81587525,84.81200807,96.99134408
68.04795726,85.32549966,97.44523528,84.8439254,96.64526812
67.97161266,85.83542354,98.30758093,85.35520063,97.51261327
69.72383919,85.96700816,98.43577625,85.50996897,97.70461435
73.4569882,88.94184624,97.51038894,88.49479125,96.82326369
71.31400585,88.38410002,97.32457357,87.98685586,96.68186468
71.34149358,88.15503874,98.1515056,87.74439905,97.51150899
71.10694341,88.07274843,98.45634912,87.67099885,97.88713539
71.50948097,87.03859089,98.49547585,86.64674014,97.94642326
71.91826742,86.58236416,98.28101042,86.17121369,97.78544939
73.72053381,88.99993191,98.63117897,88.5469942,98.11605325
72.49974758,88.46631696,99.32778927,88.07363775,98.88931184
73.84321212,90.40655444,99.47594219,90.0079077,99.05999356
74.61099034,89.1003093,99.39959983,88.7527096,98.94956095
74.88350621,87.01852456,98.77077123,86.68043638,98.30540509
75.7831038,87.92167748,98.75393349,87.59772309,98.30917657
76.10155767,86.59061165,97.88895966,86.27972454,97.47971034
77.86840677,83.5842971,97.6570624,83.35554296,97.2372993
78.63656236,83.46823785,97.8943482,83.2415632,97.51748357
79.39818699,83.94347612,97.9420741,83.68159432,97.58565012
80.18726063,84.6292611,98.29497449,84.36245083,97.95954282
83.33988362,85.59872686,98.64117195,85.35385642,98.23404794
83.71100717,84.80542709,98.15261031,84.53205412,97.75899602
84.75052665,86.43132244,98.19473624,86.15592508,97.77836291
83.70821613,87.4549524,97.46430896,87.15717328,96.97111886
82.94632053,87.15814028,97.50341905,86.80441659,97.07121006
82.41986524,88.21463654,98.77623193,87.83098512,98.37576375
83.81574526,90.0501514,99.08750821,89.6629712,98.77825623
84.65728781,89.05378623,99.14033298,88.59575445,98.86999753
83.15064601,88.49521353,100.141386,88.03763684,99.93700291
83.71844385,89.60494134,100.2033839,89.1306207,99.99968806
84.15984658,90.94899044,99.5240151,90.50073642,99.35319451
84.44734075,93.03504466,98.84498284,92.57439373,98.76691585
87.07604021,94.89955416,98.94253093,94.39997027,98.85309483
86.66284165,96.10747672,98.77224297,95.6100834,98.7343987
85.67810039,98.03605655,99.159824,97.53079704,99.08998748
84.52011194,97.92116229,98.806423,97.42259851,98.64878662
85.2095833,96.81971726,98.89953289,96.26937009,98.72642851
83.78602028,98.22657076,97.50182768,97.63018689,97.30472285
86.21875916,98.25317692,97.26993961,97.6403568,97.06002594
85.11510667,99.37885261,97.88192982,98.74172579,97.60056726
84.62966967,99.62550493,97.45791886,98.93645978,97.15042254
85.55670139,99.29790277,97.63238725,98.62986447,97.31181257
84.74800867,97.78457265,97.55475993,97.08235296,97.1851166
82.94285239,98.81579496,97.3102632,98.17167118,96.92291022
84.15720047,99.03933377,97.13181227,98.41913337,96.6951661
87.53945213,100.809426,96.05979154,100.1184844,95.6130148
88.24260474,98.24352097,96.0954673,97.64016083,95.59909807
90.78937222,100.3525347,95.11277624,99.7504028,94.64379393
90.71130128,99.88585611,95.08585288,99.29645984,94.6206239
91.3554177,99.23317737,94.0776487,98.62866091,93.6181022
91.0169687,97.94561992,93.05645117,97.33484051,92.60082338
92.84996753,98.88416666,93.54099749,98.25988376,93.05397089
94.57438685,99.67570997,93.60730362,99.09417159,93.15733646
96.93381758,99.69836147,93.0709058,99.09319002,92.63722173
98.0156834,102.7398007,92.99905631,102.1184842,92.58843035
99.38518487,103.1400792,94.14122048,102.4787486,93.70833462
98.20810634,102.1191023,94.5940808,101.4887363,94.15672489
97.08022795,103.0019238,94.36719038,102.2863201,93.94559061
98.62757987,102.9240446,93.9794662,102.1840944,93.5554004
94.92145715,102.6943936,93.74460249,101.9665203,93.28298163
96.42785971,101.1155924,93.39526962,100.4387924,92.94017301
98.55004937,102.0007332,93.51451017,101.249207,93.11479114
99.63012023,102.4481794,93.81049478,101.7370306,93.42125091
98.98408671,102.3785754,94.42709907,101.6602724,94.03075388
102.5319595,102.7796305,94.65668993,102.0311676,94.2032395
100.5264829,101.7651412,94.46178952,100.9514711,93.99194848
98.31844982,100.3162674,94.37804442,99.48558526,93.89164877
99.12981167,100.2689063,94.57577586,99.48758091,94.17354584
98.54349112,100.1196244,93.87225638,99.35492384,93.51485813
98.17635871,99.48833949,93.82135887,98.73249142,93.49222176
95.04853474,98.16783103,93.88935213,97.4666221,93.59988883
96.25495166,96.5284546,93.38083603,95.83017541,93.13652839
95.81439032,95.87775634,93.44433271,95.16850101,93.26057457
96.99645529,95.52274795,93.97428699,94.84325411,93.75303756
95.47887183,97.61175294,93.24701137,96.92729656,93.03518986
94.76714093,99.94094297,94.22088821,99.18487754,94.06998767
93.85388685,101.5041247,94.12292405,100.7233382,93.98621506
94.63259592,99.53849751,93.87724967,98.70712077,93.72721705
95.53987741,99.72654032,93.48557691,98.89700561,93.3732624
97.31042101,103.3256862,93.45775389,102.4665675,93.31584422
98.31036075,104.5463199,94.55175625,103.6914765,94.39191635
100.1749852,104.0220733,95.57954876,103.1902435,95.48641318
99.54262043,105.9146149,95.6109494,105.1297925,95.5329364
97.06793531,105.7860019,95.41708437,105.0488727,95.30033731
95.14299147,107.7770999,95.36609849,107.0416343,95.32145629
95.23306557,107.8488125,95.57351788,107.0487902,95.52544808
94.57047818,107.9381406,96.06195226,107.1428477,96.03464796
94.76052963,108.4207539,95.52708059,107.6264465,95.51472816
92.9000627,106.7132307,95.3241352,105.9158392,95.28632655
93.81498406,104.780446,96.22355835,104.0378956,96.20285426
93.03298191,105.071984,96.09275179,104.4069735,96.05466511
92.85827721,104.6635611,95.64228509,104.0324172,95.56004779
91.65880096,104.9411995,96.17940914,104.2780715,96.0534992
92.21797162,104.7287224,95.66773456,104.0880867,95.53268132
90.711722,104.4652978,96.52735454,103.8434121,96.35842823
92.04150504,104.2085517,96.53700528,103.5382819,96.4195478
89.85588182,101.2316816,97.11710376,100.6183042,96.97578661
90.94244656,100.9944998,96.74100503,100.4316985,96.66992612
92.1340551,99.6139536,96.83727129,99.02776759,96.74402575
90.67680918,96.47174878,95.99539709,95.98058922,95.89225536
91.75659399,95.26947607,95.16253166,94.84668805,95.12830473
90.81192612,96.07240029,95.86446283,95.61695195,95.79841453
91.05675574,95.5256924,95.77571657,95.08615593,95.71846433
89.0071682,95.49072383,96.40940759,95.05418093,96.35986687
88.58225635,95.38691727,96.03893469,94.93680373,95.94806564
88.63078751,94.03481163,96.92895941,93.50787539,96.76738515
89.724533,93.35586567,97.28196235,92.86982916,97.0547621
88.96190208,92.63123083,97.81400154,92.07337244,97.50869076
89.5032238,92.55924474,96.5569507,91.98114827,96.2410271
89.15043888,90.31567786,96.39653289,89.79004657,96.07047528
87.07656772,89.98639622,96.89221768,89.50779449,96.59614364
84.05848758,90.23798515,96.42340099,89.80310055,96.14577761
81.79835503,91.96876442,96.49026547,91.54729198,96.27497979
83.52416872,93.74199608,96.56486018,93.34686422,96.41257442
86.03501073,95.17935395,96.94237938,94.77251265,96.76880473
85.56223796,94.63289703,96.94247681,94.2522993,96.821952
85.21773275,95.56749734,97.04967774,95.19032755,96.85366787
84.52674801,96.6365646,98.09107756,96.2413772,97.86692487
83.40104908,93.0657764,98.21351237,92.70609036,97.98601508
82.86141019,93.06396712,97.38980279,92.66492638,97.15560281
85.10061747,94.21044339,96.76042168,93.88215281,96.44698199
84.39420037,94.50250615,96.62424255,94.10462667,96.37960105
85.62537191,94.95510351,95.91642496,94.56747719,95.71099949
85.07171087,93.36284393,95.87829992,93.01640114,95.65827398
85.33789906,91.85541762,95.17232636,91.58244061,94.91895607
86.04560776,92.55512563,95.13092091,92.30564505,94.8494963
85.33973731,91.5575456,95.01710827,91.34818255,94.74921432
85.07759144,90.78494498,94.94173265,90.59288506,94.67666173
83.20378946,89.75786857,95.45223603,89.59312003,95.13295702
84.29513294,91.47546569,95.37738867,91.30639104,95.07104121
83.3312725,91.48753956,95.95361247,91.30258548,95.64111524
83.5188757,94.20260767,95.64014954,93.95529238,95.37044134
85.37821015,93.25173579,95.44418371,93.03392893,95.16354668
87.31494367,93.4964791,96.31862587,93.27229211,96.04942112
84.95108649,93.39016969,96.08953718,93.19274706,95.81372151
86.11034808,95.61597071,96.45364638,95.45685023,96.15223319
85.56548671,93.01738124,96.84975271,92.85713669,96.53836546
87.36173132,92.61340819,97.07704116,92.48955393,96.75904092
85.98047839,93.13592296,96.4433222,92.94614155,96.15477847
86.31420807,93.31681301,96.01575529,93.11380557,95.73910091
85.69440563,92.59640813,95.62019017,92.40607242,95.3284253
84.96328735,94.47915698,95.75866353,94.27436269,95.44835741
83.78439349,93.90348098,96.37287332,93.70409901,96.09622798
83.62941175,93.01607904,96.5450534,92.79115184,96.27507511
81.23811077,92.7442792,96.31196123,92.54074885,96.00324297
78.95472655,92.30398262,96.19443325,92.14420537,95.85151075
77.89722816,93.14115578,95.45304358,93.00169775,95.07166555
79.18231761,93.62961393,95.68518889,93.4975297,95.32028651
78.86554546,95.60315208,95.6135697,95.46638833,95.24042115
80.28323468,94.7362857,95.54512639,94.53545283,95.18178998
81.05623625,94.24203833,96.1543011,94.05675421,95.80337544
82.86922983,95.58525836,95.31854161,95.41811406,94.97403953
84.01886836,98.04844675,94.90957835,97.89075301,94.52392764
83.93534707,98.33391236,94.00772837,98.19661831,93.64417048
87.23554825,99.9260465,94.24270129,99.78682668,93.8852064
85.56037936,98.69887335,93.69856201,98.64690451,93.40649265
85.04803712,100.1475612,93.44098561,100.1317378,93.0792881
83.96155646,101.4323067,93.33068774,101.4852182,92.97364263
85.4063525,98.98100567,92.95135252,99.06207489,92.51233927
87.11149155,99.679603,92.64590558,99.77224397,92.22272199
89.12340295,97.89126725,94.34428437,97.9008651,93.89803877
89.07373694,97.44213916,94.0315044,97.46059199,93.53264512
89.59578356,97.44548599,93.32850721,97.43572856,92.80670705
90.36434748,98.85917885,92.634054,98.86747837,92.10709672
90.77878896,96.91013163,92.76945479,96.93704376,92.24512169
90.0858945,96.18572924,93.718408,96.11737832,93.2084845
89.20330902,94.56280912,93.61383875,94.45767382,93.10754499
90.31741187,94.00040499,94.03506545,93.89953469,93.56936976
89.99526897,97.04304091,94.10888389,96.92336287,93.68742862
89.77101744,96.95033133,93.85876592,96.86609324,93.42472634
89.53024731,97.38141056,94.2899225,97.26585554,93.92907353
87.95658341,99.99904175,94.0311017,99.87738939,93.61385341
85.70386735,101.0424781,93.97226277,100.9912854,93.60371667
84.64196419,102.6336339,93.02959602,102.5158667,92.615532
87.75937887,104.473954,92.9194918,104.351731,92.51299132
89.41619177,102.3268353,94.01531818,102.1230587,93.53426343
89.71577326,104.3329175,94.01470277,104.1491816,93.5106034
86.90598472,104.0577607,93.71222667,103.8915152,93.2082934
87.32870469,102.6345841,94.07980217,102.39093,93.5890602
88.77955133,104.7843457,93.09440216,104.4770964,92.65790083
88.18016225,106.1054382,92.70846748,105.7218544,92.21959399
86.69072258,106.6773695,92.71102756,106.2604768,92.14351881
86.71196032,107.664974,92.93362361,107.2818698,92.37195273
84.11226417,103.9315981,93.96292483,103.5924789,93.46304993
83.58154379,102.0141461,93.82020528,101.5861005,93.32948573
81.17456144,102.6059223,93.55597376,102.1038061,93.09357086
80.19997267,100.2774048,93.73379718,99.87458958,93.28123836
79.42947411,99.97474237,94.02693896,99.52857231,93.60518388
81.41470512,100.5273885,93.45988248,100.0684768,93.07611746
81.84902988,99.602431,94.95974326,99.19633478,94.57319847
78.89221735,100.4119935,94.25019148,99.97259901,93.87148051
77.73616644,99.58709178,94.24381889,99.1433808,93.79948377
77.54514843,101.0592011,94.40066022,100.6474332,93.90268988
80.20580309,101.857037,95.08913152,101.3784437,94.59162615
80.72705192,103.9994047,94.76892776,103.5062526,94.25801373
81.31586379,103.7956935,94.21907183,103.2549876,93.6850691
82.25132577,103.9825562,94.54072313,103.3983764,94.02481678
81.26387549,102.9546898,95.3313979,102.3714346,94.82273242
83.41045134,101.2982135,95.29692628,100.6634168,94.77343001
82.0980615,102.1166788,95.39738923,101.4336918,94.92863729
82.38598955,101.8002092,95.36294801,101.1397646,94.82599805
81.28726953,102.6044089,95.58997847,101.9499371,95.03233484
79.30823727,100.1172927,95.47573842,99.45140424,94.84829632
80.05731382,96.66569898,95.82523321,95.9763428,95.18058693
81.19609828,97.66281117,97.25441672,96.94663921,96.62050323
82.67069666,96.72984873,97.4000952,96.01397985,96.70293533
81.55006904,99.65867035,97.2882859,98.86465015,96.60115674
80.11267232,97.72434032,97.55346728,96.92497516,96.79449727
79.59587583,95.53596091,96.85244566,94.71376416,96.10179619
79.04250666,93.82831528,97.14005393,92.9737767,96.31473515
79.54966018,92.94142571,96.91819705,92.11941448,96.1751108
78.30584168,92.68189131,97.24423084,91.81442475,96.58653567
77.28555095,92.33349474,97.53259582,91.42308157,96.94333685
75.5730799,91.95096669,97.35746403,91.03336703,96.84263302
74.76319981,90.46038873,97.23994652,89.55488833,96.67966796
74.35832575,90.57426436,96.36124145,89.65554613,95.81345794
73.68727787,88.81148692,96.32239551,87.90663805,95.78687288
74.54382685,85.57873873,96.51407931,84.72058712,95.90768532
76.9787536,85.82433439,96.56891761,84.90141959,95.88554738
79.05801133,84.16894117,97.08109931,83.26833965,96.33586039
80.17408173,84.78080866,97.32557832,83.86384519,96.60649934
80.71518447,86.50945925,98.13737284,85.51161666,97.40199312
80.71997975,84.02791362,97.51131734,83.09420531,96.76243307
79.68476233,83.92971568,97.81248798,82.97623254,97.05893722
80.61897851,82.16973536,97.27185117,81.22081231,96.56210443
81.57116767,84.86079902,97.70011657,83.91154814,96.92615495
81.33395613,84.08959989,97.36087535,83.13871425,96.61130264
80.43083976,84.2989396,97.5428017,83.31518639,96.81510072
80.63243853,83.49938925,97.30661753,82.49002247,96.54804523
80.4503602,83.84344,97.12495058,82.80864973,96.34211513
81.3493273,83.42880304,96.9976377,82.37033823,96.23068872
79.69053746,83.86257132,96.30844161,82.79058846,95.59758196
80.31950834,83.84870975,96.45860099,82.80305858,95.74446352
81.47368637,83.37073339,95.78531842,82.39843592,95.126935
82.9829941,84.04031638,96.44763986,83.06293099,95.80614189
82.79565601,84.64367973,95.94407035,83.64580405,95.32467742
81.66849359,86.09174049,95.43201702,85.05064897,94.85025448
85.06637169,85.86892235,94.91101083,84.77113287,94.31625009
85.54828645,87.52532929,95.34958169,86.3979126,94.73910874
84.30714275,88.69719244,95.62971806,87.537885,95.03179318
85.02530282,89.59644377,95.62822082,88.44498987,95.06503423
83.48615834,86.47813101,95.42131608,85.3123002,94.86000238
82.47462766,85.76395439,95.39984197,84.60932625,94.86818084
80.40571034,87.15635478,95.56455594,86.03132287,95.10004333
80.10303947,86.0176996,95.57991684,84.97077455,95.12792243
84.03979909,85.92736944,95.13938578,84.88668279,94.62373093
84.14171721,85.96406987,95.54586695,84.94867186,95.03403169
83.79996998,84.34955335,95.67904345,83.42106769,95.12997862
84.81044335,85.66815175,95.40846329,84.70651188,94.89280497
88.16640285,87.19697279,94.84739285,86.23976522,94.34525739
86.64192312,84.23220123,94.61602166,83.30605639,94.11462964
85.07123416,84.83854397,94.58589223,83.93021354,94.13999407
83.65884474,85.40670012,94.51962768,84.51256468,94.0625494
84.71322762,86.42843499,94.29186876,85.54261486,93.88093779
83.59800403,86.06528322,95.37649403,85.15251776,94.92593326
83.63884481,86.14165881,96.52557153,85.20158643,96.07688187
86.51827956,84.75796066,95.81495817,83.80204838,95.3766054
86.8307992,84.56095299,96.07612258,83.62348028,95.58493744
86.64988677,85.97203058,94.86348643,85.01936439,94.43260783
85.58627208,84.94824082,94.59345389,83.99272355,94.09530754
84.5020913,87.10444549,94.24635108,86.15544609,93.74131419
84.24579582,88.52166574,94.41485241,87.53191029,93.84865918
85.52688524,89.17189443,94.35161982,88.2459391,93.79714776
84.89996623,90.79417566,95.12357949,89.80575781,94.56902142
84.64758638,91.65171475,96.01305674,90.62480326,95.48565465
86.62011439,91.55839431,96.21451871,90.50407475,95.63730594
86.81417342,91.63217118,95.71422564,90.5743248,95.05914394
86.94639286,89.76469446,95.93632885,88.71377044,95.23868029
85.98109067,90.97804829,95.81124357,89.89104614,95.05136578
85.46543596,89.60022354,95.86774639,88.54265301,95.13458514
84.60017689,88.67976946,95.28279834,87.63706629,94.5319623
84.97480848,90.58650418,95.90179535,89.45769158,95.09858492
83.1480334,90.29790409,96.33205105,89.23655563,95.56305296
82.25213361,90.24074047,96.35508081,89.18146806,95.57285931
83.16265319,90.24961545,95.78554839,89.2009052,94.98821052
82.26337458,89.41915452,95.99781066,88.30260675,95.2757267
81.89870388,91.41280706,95.27709939,90.28755633,94.58872706
82.49009342,90.39190324,93.98555681,89.28115834,93.26748341
84.14879551,91.47677257,94.27089528,90.27802093,93.50800025
85.60801206,91.22342543,94.90593443,90.04469624,94.1799625
86.54601623,90.44982152,94.08271238,89.29812705,93.32461185
87.45235707,90.09965386,94.05218705,88.91648432,93.3665018
87.131667,92.87825076,94.27910403,91.63440844,93.60619613
86.06750729,91.03832884,93.39358829,89.83616398,92.77447434
86.63400755,88.59584065,94.09531667,87.40971223,93.46109466
86.35049422,88.29685119,93.05281737,87.11727397,92.46875826
84.89411169,88.24722579,93.45334575,87.05233983,92.89451789
86.44161685,88.9351735,93.25192343,87.73838077,92.65773417
86.6773715,88.77583482,92.76247615,87.54314342,92.1789298
87.39110804,88.62033612,92.99607758,87.34113478,92.4903864
86.65569335,91.47127921,92.64285388,90.14220615,92.17089219
87.21813743,91.55413475,92.87499978,90.24973529,92.45712336
87.64143882,92.20618274,92.91202414,90.93217833,92.48080325
87.46486816,92.39495123,94.17438176,91.12400655,93.72628033
85.48967261,91.85108813,94.504186,90.59430131,93.98310565
85.91317114,91.02672101,95.56557192,89.76466808,95.02447373
86.70029058,88.41229541,95.98381976,87.15094711,95.45793503
87.57832439,87.98680076,96.20763708,86.73210474,95.70389949
87.97147906,89.63626644,97.2804482,88.38590022,96.74464023
90.54489033,91.1869283,97.10194381,89.96716311,96.60349109
93.16976795,90.99630255,97.34928434,89.7846974,96.81344389
94.80025986,90.84951178,97.75488693,89.68384553,97.21598201
98.40977218,90.45994791,97.82073288,89.30394457,97.2698247
97.88216737,90.01717176,97.37567489,88.86942686,96.75443769
99.40723089,92.69913078,97.4931134,91.54354484,96.91371611
99.53178807,91.87436634,98.29560651,90.71224502,97.70236559
97.24143693,92.06225836,98.83672314,90.87933193,98.29421704
97.50053465,92.06977554,99.30912013,90.83215122,98.7649735
94.32724872,90.99111555,99.62217167,89.70201643,99.02406359
95.53358686,91.87612908,100.4594575,90.58177039,99.83734629
93.39073881,92.01166491,99.79212456,90.73359512,99.17017494
95.84020219,91.08485689,99.60582316,89.77619968,98.99862252
95.76383784,91.54474969,99.89355664,90.25347505,99.27945648
95.53804737,90.99049063,99.4525615,89.69577302,98.79715117
95.39791099,90.98819859,99.02257825,89.76015711,98.38744915
95.16991802,89.85137718,99.00435285,88.67886742,98.423071
94.90433792,89.71349472,99.06384383,88.59599266,98.4888136
94.35012923,89.13529244,99.24892611,88.03008693,98.63604626
94.05544273,91.32594533,99.26520404,90.26826842,98.65742878
93.86171585,90.7813726,99.06887163,89.74986297,98.44464529
93.58796646,91.97920753,99.97073529,90.9577933,99.32683733
95.16165004,90.04489823,100.6140583,89.06292922,99.98447153
94.29741664,91.32413067,100.3440424,90.33054573,99.75758801
95.05593802,90.76401115,100.1956348,89.85571335,99.59480015
95.56725562,91.3998183,99.97343693,90.47952961,99.43101376
97.43086352,92.16916769,99.13788191,91.26707655,98.66312308
97.50615559,91.15426451,98.73967219,90.30604617,98.30810644
99.01309704,92.28094227,98.12633748,91.50289132,97.67383546
96.51842924,91.9757165,97.40800934,91.22864571,96.9707536
97.37572714,90.23571457,97.36426767,89.46665477,96.939828
96.9725674,89.74173835,96.84350778,88.96376733,96.44056857
98.07803971,90.98149926,97.12551119,90.23881416,96.66680668
100.1449437,89.68117825,96.80561794,89.02976535,96.3798785
101.7481031,87.84330469,97.73028557,87.13874623,97.32339685
102.042958,90.36366586,96.69571028,89.68594831,96.24159874
101.8549337,90.00930003,97.09911304,89.30738791,96.62118861
102.703536,88.52754355,96.88230116,87.76576718,96.43737485
102.0867172,87.89810908,95.92507108,87.16136905,95.51383207
101.1668126,88.54015651,95.71999376,87.78329944,95.36051527
100.4646023,85.81529911,94.99041926,85.06800897,94.61789614
102.6518822,86.53636481,95.29976583,85.833798,94.96415086
104.9204469,87.37423693,96.00425349,86.69198889,95.61646636
105.57461,89.30759463,95.40341606,88.6757968,95.08050719
105.1724525,90.9903318,95.99447116,90.31822302,95.65598505
