1,80,26.6903461
-1,80,26.0131405
1,120,6.005238879
-1,100,12.2199558
-1,100,12.28088101
1,90,16.45703531
1,110,8.976115737
-1,80,24.09909903
-1,120,10.86774101
1,100,18.3934691
-1,90,15.74184186
1,90,17.87031958
-1,90,19.28469731
1,110,9.708401121
-1,100,11.15774541
-1,100,15.55245277
-1,80,23.6652696
-1,110,9.717020272
1,80,26.67463149
1,90,17.49370591
1,90,19.12482838
1,120,4.215078236
-1,110,8.573051862
1,100,13.85225436
1,90,16.833441
1,110,12.53918851
-1,100,11.72207318
-1,110,11.77629658
-1,80,23.1161102
1,100,14.58257984
-1,90,19.03392777
1,120,5.00964984
-1,90,16.36732091
1,90,18.6548167
-1,100,14.65063567
1,100,15.98044641
1,100,12.44078212
-1,100,16.95974969
-1,80,24.38682829
1,120,10.5806664
-1,100,15.97514273
-1,90,19.63552502
-1,100,11.30492217
1,80,24.15822145
1,110,11.84519936
-1,110,4.596529183
1,120,6.028035167
1,120,4.794138335
1,100,14.76530436
-1,110,8.550948853
1,110,6.671737648
1,90,21.33870005
-1,90,16.34221903
-1,110,8.518702837
1,80,25.85913475
-1,110,7.526775913
1,100,17.97732332
-1,80,24.36950507
1,90,17.99565552
-1,100,14.38417894
1,110,13.81118376
1,100,12.00070426
1,90,17.87112252
1,120,6.480625682
-1,80,23.31900249
-1,90,20.10306725
1,90,21.95367223
-1,110,7.314141563
-1,80,27.04178629
-1,110,4.710356988
-1,110,10.32118678
1,100,11.27681778
1,120,6.517363918
1,90,22.84286635
1,120,5.951761519
-1,110,12.7873094
1,100,14.53283124
-1,100,11.72892801
1,120,3.981695837
-1,120,9.387581693
-1,90,21.50350236
-1,100,11.48067826
1,110,8.738450452
-1,110,9.520531914
-1,100,17.00967432
1,110,11.12603457
-1,120,8.358250114
1,100,12.48321163
-1,100,12.93639462
-1,110,7.999557188
-1,110,8.917559494
1,110,5.787735598
-1,110,9.070247657
1,80,25.97265651
-1,110,5.007601646
-1,100,14.96530927
1,90,19.80933184
-1,90,20.94078169
1,80,26.38997819
-1,80,28.14028571
1,100,15.01735923
-1,80,25.17353648
-1,90,19.34287193
1,120,8.477414864
1,110,7.755796104
1,100,9.132643443
-1,80,25.01870291
1,110,10.20820092
-1,120,8.962059241
1,110,9.788334634
1,90,17.68950328
-1,80,24.04071721
1,120,13.21562712
-1,120,7.18860111
1,100,10.29128405
-1,110,8.43115057
1,120,6.02145213
1,120,6.941755815
-1,80,24.17927051
1,90,21.45233935
1,120,8.184972126
1,80,25.5450036
-1,80,24.18201213
1,110,9.397317882
-1,90,19.40895965
-1,100,14.41825044
1,100,14.3702978
-1,100,17.4303586
1,80,28.5385076
-1,80,23.72905794
-1,120,7.926258371
-1,80,24.66572513
-1,100,14.88072392
-1,120,4.724244184
1,90,16.25383834
1,120,7.375376381
1,100,14.35990081
1,120,4.915266509
-1,120,6.962341937
-1,100,13.92508375
1,100,14.916456
-1,80,26.84254261
-1,110,10.57878103
1,100,11.45651666
-1,120,8.611343467
1,80,24.49958294
1,80,23.68562665
1,120,5.838931481
1,110,12.23510729
1,90,19.53763453
1,90,18.30568596
1,80,26.63857879
-1,90,15.33144918
1,100,13.30171813
-1,120,8.018253527
-1,110,6.625545622
-1,120,4.714086955
1,100,14.3084654
-1,120,4.056596438
-1,90,17.23654455
1,90,18.54915599
1,80,23.01227455
1,120,6.87383616
1,80,25.08515451
1,110,9.683475343
-1,120,5.622247112
1,90,18.7579243
1,100,16.37883588
1,90,19.70742658
-1,110,13.60436136
1,120,5.72658956
1,110,8.465160625
1,80,23.74573384
-1,120,6.222653564
-1,120,7.649836912
1,90,19.93439748
1,80,27.23257364
1,120,4.418110866
1,80,26.00730233
-1,80,23.36299772
1,120,8.926183301
-1,100,10.18122028
-1,80,24.88849227
-1,100,13.92837289
-1,80,25.06853527
-1,120,9.806972502
-1,100,11.88008236
-1,120,5.261562989
1,120,8.655672439
-1,90,18.86969797
1,100,10.64912395
-1,90,18.43885065
1,110,6.048072907
1,120,5.648481601
-1,90,20.37966735
1,80,24.71771114
1,110,10.03532306
1,100,14.17720328
1,90,17.04269954
-1,80,22.94411827
-1,80,25.97759357
-1,100,14.49294994
1,110,12.43847404
-1,100,12.0076855
-1,110,12.65096563
-1,110,8.978740987
-1,120,7.629472156
1,80,25.11354929
1,120,5.109865902
-1,90,17.8160488
-1,80,25.23324305
1,100,10.96500576
-1,80,27.8829151
-1,100,16.0556376
1,100,14.1945971
1,80,24.45657693
-1,90,17.60668706
-1,120,4.160022392
1,90,17.15005195
-1,80,25.2961573
-1,120,7.784213523
-1,90,18.67256821
-1,100,13.44749649
1,100,12.53795757
-1,110,7.127794454
1,110,4.749955064
1,110,12.32032196
1,120,10.18131377
-1,120,4.942327862
1,80,24.31558843
1,90,20.83120858
-1,110,9.368057188
-1,80,25.45159992
1,80,26.09063345
-1,120,6.374638529
-1,90,15.59557444
1,120,7.484041517
1,100,11.64614218
1,80,22.61742129
1,90,18.11241916
1,120,7.074211379
-1,120,5.938795531
1,80,25.21245503
1,120,8.956228086
1,110,8.637663762
1,100,15.72813588
-1,110,8.939515266
-1,120,6.825128611
-1,80,24.43214155
-1,90,14.95298384
1,110,10.20154524
1,90,19.32880455
1,90,19.63743947
1,80,28.38357067
-1,110,9.480569447
1,120,8.450946885
-1,100,13.41819569
1,120,11.75719176
1,120,5.179091488
-1,90,18.73306308
1,80,25.38784489
1,100,14.99228085
-1,100,13.85192274
-1,100,11.31468945
1,100,11.5739396
-1,90,19.99714852
-1,100,12.93820817
-1,120,5.591490266
1,120,8.047611092
-1,80,24.74139646
1,110,9.174134277
1,120,7.1079177
-1,120,6.807550284
-1,80,26.67049819
-1,110,9.136943818
-1,90,21.44530917
1,80,26.76428485
1,100,17.37053014
-1,120,9.360349128
-1,80,26.17361267
1,80,26.51038159
1,90,20.24585032
1,110,7.55734884
1,100,14.11419058
1,90,17.84965626
-1,80,23.98112728
1,90,20.73002051
-1,100,13.70188368
1,90,18.91225515
-1,90,13.10340182
-1,120,4.421709448
1,80,24.87281405
1,100,12.75744588
1,120,9.167431581
-1,80,26.76076916
-1,100,13.67613433
-1,110,7.207218784
-1,90,18.18577861
1,120,7.647552148
1,110,8.916858498
-1,120,4.779947608
1,80,26.37337879
1,110,8.613059243
1,110,5.897808188
1,80,24.97779819
1,90,16.29116168
1,80,24.47615211
-1,110,8.182223311
-1,90,18.53140698
-1,110,9.940245441
1,90,17.95197094
1,90,17.47193143
-1,110,7.254061994
1,80,24.37352459
-1,110,10.682691
-1,80,23.83983092
-1,90,19.45564173
1,90,17.71276762
-1,90,18.7099618
1,80,24.88566449
-1,100,11.10620927
-1,110,14.58586743
1,100,11.30529903
-1,100,11.3382766
-1,90,18.87453568
1,80,24.4920451
-1,80,25.52514835
1,100,15.35299105
1,110,14.19618323
1,80,24.03197423
-1,100,9.536524367
1,120,7.942505156
-1,120,11.05456452
1,120,6.060644499
-1,80,25.59504645
-1,110,11.80109454
1,100,9.404878121
1,120,6.367133258
-1,110,6.235220308
1,120,6.765996929
-1,110,9.410995146
1,120,6.140812462
1,80,25.77850769
1,120,5.916819931
1,110,10.59574182
-1,120,8.622680747
1,90,19.72171342
-1,110,9.323429113
-1,100,15.11868069
1,120,8.212808243
1,90,19.23668288
-1,80,26.08968508
-1,120,7.954864182
1,80,23.18776679
-1,110,9.536287272
-1,120,8.231325384
1,120,7.780111686
1,100,14.30580038
-1,110,6.207756598
-1,90,16.57298735
1,80,23.85199987
-1,90,18.05581576
1,90,19.37487865
1,90,19.4911966
-1,90,17.42064804
-1,120,6.109873571
-1,90,20.23670628
-1,80,24.83699805
-1,110,9.993526358
-1,110,9.259123164
1,100,15.37426837
-1,80,25.47956384
1,120,6.106634623
1,120,3.232654658
-1,90,18.24830731
1,80,24.39220164
1,90,19.37426092
1,120,3.26161861
1,110,11.9909597
-1,80,23.73053559
-1,90,18.33342527
1,100,14.74774428
-1,80,25.37827251
-1,100,13.9366357
-1,110,8.212556217
1,90,20.09893945
-1,80,25.68827979
1,120,6.841897183
-1,100,11.71487689
1,80,24.87755692
1,90,17.98767311
-1,80,25.81356293
1,80,23.65229677
1,110,9.425677667
1,110,12.53865972
-1,90,19.77389311
-1,100,14.97280976
-1,100,10.1748819
-1,80,24.16485923
-1,110,6.060324014
1,90,15.4872832
1,100,15.27354842
-1,100,17.02328184
-1,120,8.360512562
-1,120,8.199023086
1,110,12.25617706
-1,80,22.57546581
1,80,25.16017622
-1,80,26.73958039
-1,100,10.51362405
1,90,21.89284153
-1,110,9.519182055
1,90,21.38784898
1,80,25.88201539
1,90,21.76310281
1,120,5.733801809
1,120,7.674384541
1,100,12.70511042
-1,80,25.8695754
1,100,12.32390111
1,120,4.493268876
-1,120,8.785261557
-1,100,12.23137436
-1,110,10.66335026
1,80,25.29823329
1,90,17.34490932
1,110,12.45067579
1,110,7.864503709
1,110,5.069827695
1,90,19.54432342
-1,80,26.09316739
-1,80,23.10568312
1,90,18.47869302
1,110,11.32812207
-1,100,14.37373348
1,80,25.65899554
-1,100,13.45087711
-1,100,15.33374763
1,100,16.951845
1,90,17.94012995
1,120,9.53813681
1,110,6.782817306
-1,90,18.71959541
-1,80,25.14507179
-1,80,25.58327477
-1,110,8.035645492
-1,110,9.509465402
1,120,6.173255967
1,80,22.76573577
-1,110,16.07935693
1,90,17.22710278
-1,90,19.44536211
-1,90,16.79185069
1,90,22.99790897
1,80,26.9657164
-1,120,6.428294699
1,80,23.77488335
1,90,14.74776629
1,110,9.978507453
1,100,16.07882908
1,90,16.24244326
1,80,25.18119079
1,120,10.86395503
1,90,18.87030169
1,90,18.7067621
1,110,5.210925172
-1,80,26.73389462
1,90,17.67785112
1,90,17.76390667
-1,100,13.59544552
1,120,10.64652818
-1,120,7.683998477
1,120,8.20562167
-1,80,26.71251555
1,80,24.84292905
-1,120,8.31926637
-1,110,9.351991941
-1,100,13.09455963
-1,100,11.02636191
-1,80,24.33905753
-1,100,16.10908675
-1,120,4.383918213
1,90,18.5623468
1,90,16.85241808
-1,90,18.59458798
1,90,20.25404236
1,90,18.80036938
-1,90,17.77694621
-1,110,7.976745662
-1,100,15.80930985
-1,80,24.770097
1,120,8.145012868
-1,90,18.0309283
1,90,13.83766219
-1,120,8.318064527
1,120,6.688478582
1,90,18.60809977
1,100,14.17330396
1,90,22.26912101
1,100,13.42196192
1,110,11.01071104
1,120,7.553346403
1,110,13.18277324
1,110,10.13294776
-1,80,23.53776737
1,120,3.833566041
-1,110,11.29668642
1,80,27.33434009
-1,100,13.31951276
-1,90,20.68924617
1,100,19.85387106
-1,80,23.4667968
-1,90,19.27150525
1,90,20.11274079
1,110,9.754507184
1,120,7.611704446
-1,100,11.60959996
-1,100,19.33752477
1,90,16.9702438
1,120,9.659359638
1,120,6.99553031
-1,90,21.39701025
-1,90,17.75952985
1,90,16.54596489
1,110,10.31877043
-1,110,6.152175939
1,90,20.94047702
-1,100,7.78959136
-1,120,8.158064114
-1,80,25.00409297
-1,100,14.4424292
1,90,18.97060319
1,80,22.88539008
-1,100,18.3858214
1,80,25.44322046
-1,120,7.2746976
1,110,6.032646918
1,110,9.110096443
1,110,7.600612809
1,90,18.99366115
1,110,6.705513378
-1,120,2.883629156
1,120,7.069203938
1,120,5.498338572
1,110,11.9519304
-1,100,14.73122911
-1,80,25.53735348
1,120,5.051088715
1,80,22.01655084
1,90,18.67426026
1,120,10.74149767
1,110,7.614433512
-1,100,12.53616159
1,120,7.596569102
-1,80,22.93042892
1,120,8.203544564
-1,120,10.34843476
-1,110,11.78208817
1,100,15.04242802
-1,80,25.99295478
-1,90,19.04484942
1,80,25.49511001
1,90,20.11571647
1,120,4.155188866
1,110,10.06841687
1,110,11.04108655
-1,120,6.693714127
1,100,14.78672362
-1,120,5.704931491
1,90,18.94279771
-1,80,22.72978761
1,80,22.76754385
1,100,10.6184406
-1,100,12.33588428
-1,100,10.90787876
1,90,19.10030316
-1,120,11.66169554
1,100,16.76220598
1,120,7.570944179
1,80,24.80832515
1,90,19.82076156
-1,80,24.57129841
1,100,13.33514954
-1,80,24.81088869
-1,110,8.843248942
-1,120,3.759929218
1,80,23.1566447
-1,100,12.47491694
1,80,26.10530569
-1,90,15.66439457
1,100,10.46011591
1,80,23.1978754
1,90,17.60392627
-1,80,24.47709483
1,120,6.178886938
-1,80,24.07049303
1,90,20.42945277
-1,110,8.973695458
1,90,15.94127225
1,80,27.32704694
1,100,13.27997664
-1,80,23.09422249
-1,100,16.84229988
-1,100,13.72102664
1,90,17.61681751
1,120,9.292744863
-1,120,7.788053279
-1,90,17.61064061
1,120,6.012352715
1,80,25.4603115
1,120,6.043256221
1,80,24.00080863
-1,120,3.891300906
-1,120,6.095839113
1,80,26.81699863
-1,90,18.27528228
1,90,17.51371942
1,100,12.28605392
-1,120,5.528915349
1,80,28.62215568
1,100,9.8956027
-1,80,24.28675492
-1,90,21.67923663
-1,90,19.27273387
1,120,9.328740289
1,90,20.53845899
1,120,7.941572325
-1,110,7.712045812
-1,80,22.00661771
-1,80,27.78818788
-1,90,19.38010056
1,100,15.71308202
-1,110,8.447458529
-1,80,26.28095816
1,80,22.21490638
-1,80,25.10637441
-1,110,9.892507396
1,110,12.52870189
1,100,16.31502304
1,80,25.12611855
1,120,4.415243045
-1,90,20.8769734
1,90,22.14863832
1,100,15.73795324
-1,80,24.54283236
1,80,25.61824382
-1,110,8.465083654
-1,80,23.68188559
-1,90,21.7047093
1,120,10.62402099
-1,120,6.150130519
-1,90,18.85023925
1,80,25.99400081
1,100,14.29328246
1,120,3.411696508
-1,80,27.03824862
-1,110,7.461042929
1,120,7.218946174
-1,110,13.19420653
1,110,4.651298773
-1,100,11.0265519
-1,120,8.057568992
-1,90,21.02675743
1,110,8.181048401
1,80,27.71924512
-1,120,8.533270166
1,80,26.49271281
-1,110,6.651387602
-1,100,11.93475139
-1,100,14.75426397
1,120,10.61231756
1,90,18.06260245
1,120,8.180518896
-1,110,10.72959619
1,120,6.915829799
1,120,9.119890651
-1,100,14.99985194
1,100,14.96167471
-1,80,24.80553001
-1,90,21.19665673
1,80,25.79322882
1,120,7.096980988
-1,90,19.0125779
1,120,9.711209355
1,120,6.520110497
-1,90,17.49141944
1,120,7.89465531
-1,90,16.66926569
1,100,15.39677731
1,120,5.198200253
1,120,8.334955187
1,80,22.10355789
1,120,4.382538973
1,110,12.83672575
1,120,5.622664292
-1,110,12.71296057
1,80,24.20428341
-1,120,8.038209633
-1,80,26.26949224
1,80,25.22419198
-1,110,6.827913996
1,90,17.65066614
-1,80,25.24375671
1,80,25.49359751
1,80,24.5918306
1,120,7.658425641
-1,110,9.23143968
1,100,13.55105165
1,120,7.102153768
-1,90,19.54073453
-1,90,22.32473452
-1,90,17.48192183
1,80,24.42158412
-1,80,26.91076638
1,90,16.5768463
-1,90,20.7459584
-1,120,7.753025574
-1,90,19.62711077
-1,120,5.668372493
1,90,15.31733384
1,120,5.819030978
1,110,9.416167688
-1,120,9.438035145
-1,80,26.53575933
1,100,15.10725089
1,110,10.03673306
1,100,12.24759178
1,110,9.069970188
1,80,23.56801523
-1,80,23.12508091
-1,120,6.015212749
-1,80,25.92426292
1,80,26.32808959
-1,110,10.19688653
-1,120,5.854738376
1,120,7.383786636
1,90,23.25075877
-1,90,21.37090311
-1,90,16.51097439
1,90,21.36901173
1,100,14.17272159
1,100,14.08895781
1,100,15.64672199
-1,110,8.047933576
-1,110,7.631088488
-1,120,4.537580418
1,90,17.7372353
-1,100,14.3323402
-1,110,9.070819238
-1,80,24.19978906
1,110,12.29268636
1,120,8.40712062
-1,90,15.71182662
1,80,25.86361318
-1,110,11.84996704
1,120,8.549385126
-1,120,9.006065283
1,120,7.292119407
1,90,17.18547082
-1,100,15.89115284
-1,120,4.783936621
1,110,7.857635782
1,110,9.720303175
1,80,26.49776326
-1,90,17.46724531
1,100,11.72933654
1,80,25.03846286
-1,80,25.69839736
-1,80,22.77993796
-1,80,24.36582512
-1,120,8.752465911
1,90,16.33687049
1,90,17.48754959
-1,110,11.54538652
-1,110,12.86404775
1,100,9.763281697
-1,100,11.47360463
1,100,14.91517114
-1,120,9.287644448
1,110,7.089289298
-1,110,9.199363156
-1,80,23.01051886
1,90,18.74298265
-1,90,19.40872734
-1,120,1.796228989
-1,120,6.811155462
1,90,13.94373162
1,80,26.90135385
1,90,19.73829952
-1,90,16.79984209
1,120,9.107211561
1,100,17.22892723
-1,110,6.538493028
-1,120,11.51795255
-1,110,15.25808651
1,90,18.31556333
1,100,11.54140655
-1,90,18.63924979
-1,100,8.737817186
1,80,24.85361294
1,80,24.20773046
-1,80,25.85388802
-1,100,16.39206617
-1,90,16.91399899
1,110,11.06439112
1,100,11.83748842
-1,80,25.96302085
1,120,4.935108411
1,120,9.412461257
1,100,16.84128729
-1,120,6.756270187
-1,110,12.14490063
1,120,12.83583308
-1,110,12.25387015
-1,120,8.044444303
1,90,18.84536941
1,110,7.989834391
-1,120,9.041977824
1,110,10.86318441
-1,120,15.26978098
-1,80,25.53442568
1,90,21.75085616
-1,80,26.35631045
1,80,25.11686142
1,110,6.553239171
1,90,22.05295492
-1,100,12.32299011
1,90,15.71863637
1,100,14.90807519
-1,110,11.20162216
-1,90,19.62712703
-1,110,12.69344494
-1,110,9.553300104
-1,100,12.3945814
1,120,9.625790476
-1,90,18.66954484
-1,100,12.5868241
-1,90,19.45544353
-1,100,13.35130369
-1,80,23.51806499
-1,110,7.011655526
-1,120,6.380943154
1,100,13.42678922
1,90,17.94034068
-1,100,16.71938743
-1,80,25.0042855
1,120,4.435879431
-1,90,19.33976236
-1,90,17.98898225
-1,120,6.250322311
1,110,14.59513928
-1,90,19.55451367
1,90,17.01193036
-1,90,15.99981006
1,120,5.964642446
-1,80,25.06595488
-1,110,11.30721667
1,120,5.474423236
1,120,5.956225979
-1,120,7.707486517
1,80,25.11730274
-1,120,7.792692511
-1,100,17.59954061
-1,120,4.361839459
-1,120,11.14412294
-1,110,9.97508431
1,120,8.581595378
-1,110,10.6502503
-1,100,18.33784707
-1,80,28.29621006
-1,80,22.14678796
-1,100,11.84259782
-1,100,15.62390346
-1,100,13.32658954
-1,90,18.57599235
1,80,25.51235875
1,80,25.1190241
1,80,25.61379137
-1,80,25.02379994
-1,110,10.80255888
1,100,12.73442062
-1,110,10.68022924
1,90,18.12900404
1,90,20.10183288
1,80,23.95195907
1,120,6.293124639
1,100,13.02899447
1,80,27.72490412
1,90,17.55268094
1,90,17.89779433
1,90,16.60476108
-1,80,25.11211833
-1,80,26.24815689
1,120,5.899351956
1,120,7.883890553
1,120,8.808536449
-1,120,6.733193254
-1,100,17.3748337
1,100,15.71665396
-1,100,12.3176143
1,80,25.19128019
1,100,11.26369085
-1,120,8.584735677
1,80,24.4782566
-1,110,10.16017216
-1,80,23.38994774
-1,110,11.9351874
-1,120,8.436528843
-1,100,11.42653363
-1,90,17.63736988
-1,110,8.760654608
-1,90,19.98687263
1,90,19.95476202
-1,90,18.23414533
1,80,24.79653929
1,90,18.07997343
1,90,18.65484345
-1,80,24.49869522
1,110,15.34090928
1,110,9.606681598
1,110,12.4139069
-1,90,16.85552876
1,100,12.88699445
-1,120,7.756992443
1,110,7.899186958
1,120,7.094497224
-1,110,9.551205453
1,110,9.80264516
-1,120,5.25861623
1,120,10.26982882
1,120,7.903823792
-1,90,18.78435631
-1,110,9.273379717
-1,100,14.48784503
1,120,10.61589724
1,120,4.330777792
1,100,10.09322545
-1,100,14.7295122
-1,100,11.95798484
-1,100,15.06273343
1,100,13.47804698
-1,100,10.85969187
1,80,24.35250245
1,100,14.24467337
-1,80,25.71678331
1,120,5.837235892
-1,120,6.946947053
-1,100,15.47116455
1,80,28.40787849
-1,80,25.36215399
1,100,14.5276383
1,80,26.34921436
-1,100,19.86437034
-1,110,10.77392093
1,100,15.82093944
-1,80,21.60524053
-1,100,14.47904345
-1,100,14.1849741
-1,80,24.6368333
1,90,18.32020989
1,90,18.79364852
1,120,9.865243162
1,80,24.62888277
1,100,13.79809152
-1,110,5.91834361
1,100,16.68823978
-1,100,13.48345543
-1,90,17.05749189
1,110,13.11548408
-1,100,12.77766939
1,120,5.631951116
1,110,8.094498712
1,110,9.572430537
-1,90,19.58220507
-1,80,23.11678957
1,120,6.319020816
-1,100,13.93296176
-1,90,18.19997277
1,110,11.41854425
-1,90,19.51075336
1,80,26.65852928
1,90,17.91463827
1,80,25.40836473
1,90,17.6118905
1,100,11.07955237
1,90,19.3400101
1,80,26.22317278
1,100,14.03775249
1,110,8.688698335
1,120,5.488425988
1,100,14.49929701
-1,110,13.16218015
1,110,11.21790612
-1,120,8.584905348
1,100,14.81301541
1,100,13.47886259
1,110,10.33379461
-1,80,26.52136939
1,80,24.31993286
1,90,18.53481626
1,80,25.95717727
-1,80,24.79985655
1,90,19.19064668
-1,100,13.34816879
1,90,19.46610959
-1,80,27.0297424
1,80,25.07656503
-1,80,27.22730227
1,100,14.77110026
1,100,14.2034558
-1,120,6.748855876
-1,100,11.10903645
1,120,4.794189691
1,110,11.20287506
1,110,12.41851253
-1,110,8.448257245
1,90,18.54541989
-1,80,23.81476993
1,110,8.434381627
-1,120,8.119955746
-1,100,13.96437542
1,120,8.119350733
1,80,26.52094103
1,80,26.31096154
1,100,11.41534105
1,110,11.67190321
-1,120,6.514130744
1,110,7.191482865
1,110,6.649794943
1,90,19.42061994
-1,110,12.34539013
1,90,21.02815465
-1,100,12.75982517
-1,110,7.153027887
-1,90,19.82482969
1,80,25.29998009
-1,80,27.27993135
1,80,25.96602941
1,90,19.25510211
1,100,12.44772902
-1,80,25.90232742
-1,90,19.31309626
1,90,20.08742563
-1,110,9.285634567
-1,100,10.49988943
-1,80,24.86594726
1,80,27.09756212
1,100,16.42742893
1,110,8.746937796
-1,80,25.24489339
-1,120,7.026364263
-1,90,19.31185655
1,110,9.403793101
-1,90,19.04965042
1,120,6.34302706
-1,110,8.441944963
-1,100,12.76361845
-1,120,8.412194932
-1,100,17.7385127
1,80,27.56654126
-1,110,12.09182047
-1,100,13.38310594
-1,120,8.227252776
-1,110,11.77741995
1,110,10.39689384
-1,90,21.04680725
1,80,25.33514706
-1,90,19.17521246
-1,120,10.32113209
-1,120,7.797601707
1,90,18.5790882
1,80,25.07359219
-1,110,9.957457573
-1,100,10.41047115
1,120,5.007822365
1,100,14.30270734
-1,90,20.38158396
1,120,8.308894991
1,120,2.726734904
1,80,28.05110304
1,90,16.16528835
-1,80,24.58046134
1,80,25.06358662
-1,80,24.91662694
-1,120,10.97836607
-1,90,19.80330156
-1,80,22.75223857
1,110,8.285871557
-1,110,7.367569444
-1,120,5.607686403
-1,80,23.87011022
1,110,9.369770809
-1,100,13.88714113
1,80,25.1151568
1,100,14.07695607
1,80,25.99656227
1,90,20.64011881
-1,120,6.621513362
-1,80,23.7450283
-1,100,12.52786201
1,100,13.77717669
1,110,8.089914539
1,80,25.95845294
-1,120,5.912634834
1,100,13.08229894
1,120,9.219140032
-1,80,23.73309346
1,100,15.98499014
1,80,25.15168557
1,80,24.27787654
-1,100,16.53752209
1,110,6.949274132
1,90,18.30868411
1,80,24.39759861
-1,90,17.53712007
1,120,10.14367156
-1,110,16.07474568
-1,120,6.038452794
1,80,23.94930702
1,80,24.57412554
-1,80,25.43114138
-1,100,13.98631232
-1,110,11.11298371
1,110,9.837866315
1,110,8.432911155
1,110,12.7226612
-1,120,7.620642298
-1,120,6.502085146
1,120,4.402291375
1,100,15.26530878
-1,80,26.44783346
1,80,22.5239593
-1,110,11.10491139
1,90,18.43584265
-1,100,13.09088915
-1,110,9.337983736
-1,80,25.95207971
1,110,8.089720734
1,120,8.44287848
1,90,21.37697068
1,90,17.4077211
1,80,24.15650658
-1,120,8.438709295
1,110,12.6218478
1,100,12.51678909
1,110,11.9458166
1,120,6.333935095
1,80,25.50084458
-1,120,8.599653694
-1,80,24.61115348
-1,80,24.17885462
-1,100,12.75613587
-1,120,6.093903315
1,80,24.13980383
-1,90,15.30904558
1,120,8.388595961
-1,120,3.155570354
1,110,13.44794207
-1,120,8.169129627
-1,110,8.988266141
-1,90,18.5624774
1,80,26.77199276
1,80,23.6246893
1,110,12.58561749
1,90,18.69933617
-1,80,23.67876612
1,90,15.76585939
1,110,11.13649714
1,110,6.530524204
1,80,25.41768943
-1,110,8.396036847
-1,90,21.81052243
-1,120,8.792624659
1,90,18.84854285
1,90,19.42140674
1,110,10.70123556
-1,100,13.6328334
-1,80,23.47948455
1,110,12.55822499
-1,100,16.90246478
1,120,8.267183917
-1,80,25.35248061
-1,120,6.693092133
-1,90,17.58737532
-1,110,11.58685063
1,80,25.86768745
-1,120,5.782206951
1,90,21.52160207
1,120,7.656195166
-1,90,20.94691895
1,90,15.27942475
-1,80,25.09069279
-1,120,8.618091552
-1,120,4.538224856
-1,120,10.09560853
-1,80,26.79641129
-1,100,15.05754905
1,120,6.101625165
1,110,9.297108696
1,100,15.31182002
-1,90,19.64972421
1,120,7.261857894
-1,80,24.53958355
-1,100,13.65034684
1,110,11.496544
1,110,8.724481723
-1,90,18.34602397
1,80,24.63510074
-1,120,6.004563003
-1,110,14.22398209
1,100,14.93689917
-1,110,9.561103333
-1,100,14.52348731
1,100,11.49027978
-1,110,9.835403639
1,90,19.26654484
-1,110,8.705235968
1,80,23.13176003
-1,90,19.49299216
1,120,5.55945799
-1,110,17.15072904
-1,110,9.055707656
-1,90,16.34176606
-1,80,25.4784882
1,90,16.67321138
-1,120,6.251570079
1,120,4.981373232
1,100,11.4132051
-1,100,15.42195143
1,80,28.42291131
1,80,27.38006848
1,120,8.082174099
-1,90,21.80777924
-1,110,13.80659362
1,90,19.22464436
1,120,5.28632797
-1,80,26.77197917
-1,80,25.74473963
1,90,18.25341111
-1,110,9.407764388
1,80,27.12197712
-1,110,9.502702135
-1,120,8.166902216
-1,100,10.50272948
-1,110,9.263760142
-1,110,8.936894241
-1,110,12.07890433
-1,100,11.22439183
1,90,19.97628675
1,100,13.29487431
-1,110,7.661254131
-1,110,7.494733266
1,100,13.44368937
-1,80,24.412228
1,80,25.80555686
-1,110,6.864649465
1,80,24.10195062
1,100,13.94646215
-1,110,9.788877021
-1,120,5.543497368
1,90,16.99387464
1,90,18.45703491
-1,90,19.19991877
1,110,10.31222304
1,80,23.20237847
-1,90,20.70957727
-1,80,25.29917952
-1,90,19.75748059
1,120,7.86664128
1,80,26.46724211
1,90,17.03860403
-1,80,25.20770286
-1,110,7.816326603
-1,80,26.2394326
1,90,21.94182527
-1,80,26.78132814
1,120,7.087906735
-1,90,20.43676366
-1,110,11.08616277
1,120,7.052310328
-1,80,24.10008706
-1,80,25.02071628
1,100,15.85707178
1,120,4.709492896
1,110,8.681005767
-1,110,11.13026101
1,100,12.2840019
-1,100,14.97807994
-1,110,6.057154694
1,110,9.697326537
1,120,8.145398816
1,120,4.920690022
-1,100,13.16320331
1,120,10.4063239
1,110,8.295983527
1,100,15.77889494
1,120,6.352488082
1,80,23.82228962
1,110,9.71540398
-1,110,6.304984482
-1,80,22.94850718
-1,110,14.54023479
1,100,16.38104717
-1,120,10.06613584
1,90,17.0432192
-1,80,25.69357988
1,90,17.27186605
1,90,20.9164974
1,120,9.652890612
1,90,16.48641079
-1,90,16.81112784
-1,80,24.80886703
1,90,17.2021418
-1,80,26.71258886
1,80,23.48175286
-1,110,14.39232477
-1,80,22.60982376
1,100,12.98781327
-1,80,25.95698276
1,100,10.60801826
1,120,6.340114855
-1,120,4.968078069
1,80,26.78954872
1,110,9.734009864
-1,80,24.23419589
-1,120,10.00849802
-1,80,25.59272678
1,110,13.15627535
1,100,16.2303445
1,120,7.194558144
-1,100,15.93267097
-1,110,8.040680575
-1,90,19.19018332
-1,120,5.863540227
-1,120,5.569686748
-1,110,9.77568507
1,120,7.614150651
1,110,11.77231161
1,100,13.74610195
1,110,10.73421942
-1,120,5.643303937
1,110,10.44702665
-1,100,13.65869729
1,100,12.70692377
1,110,11.88120627
-1,80,27.06055195
-1,120,9.160116882
-1,90,21.05610505
1,110,9.612737424
1,90,18.01556154
1,100,12.91861294
-1,110,7.48795652
-1,90,17.05511842
1,120,5.172105866
1,80,24.06476492
-1,100,12.49163306
1,90,19.23840495
1,100,16.64559109
-1,90,15.73746824
1,80,23.57837333
-1,110,13.5478073
1,100,17.74609035
1,100,12.37530695
1,90,17.20169251
1,80,25.6736779
1,90,17.60117835
1,120,6.785802792
-1,90,18.00448912
-1,110,11.29772082
1,90,18.06937321
-1,110,9.15622817
1,80,24.07451011
1,80,26.9040664
-1,120,8.404790057
1,110,7.139954174
1,90,19.74265033
-1,110,11.35672331
-1,120,7.513803851
1,90,18.59053638
-1,90,16.99948672
1,110,5.993026081
1,110,8.146761844
1,120,5.423915862
-1,80,27.98050365
-1,90,16.53148048
-1,100,17.49382497
1,90,17.2493134
1,80,23.61882675
-1,110,11.49655378
1,80,26.03845846
-1,80,24.56544395
-1,90,16.99716165
-1,90,20.46356968
-1,120,5.08906467
-1,80,23.65113371
1,100,12.57987647
-1,120,9.563910917
1,80,25.25162585
1,120,5.287396587
1,110,10.59076222
-1,90,18.70725999
-1,80,29.05231805
-1,90,19.81901127
1,120,3.918166029
-1,80,24.92897575
1,100,15.54610774
1,110,12.74810779
-1,80,26.73293481
1,80,24.86073574
1,120,8.605166134
1,120,4.263041203
1,120,11.12369411
-1,90,14.96566635
-1,80,22.88310141
1,120,7.742494188
-1,90,20.34592462
-1,120,5.347367807
1,120,4.30737539
-1,110,8.656222018
-1,90,16.84703497
-1,120,3.082780287
-1,90,17.4024825
-1,100,14.35010127
-1,80,26.25198032
-1,100,13.8996782
-1,80,25.97660432
1,110,14.32250449
1,90,19.13532388
1,100,14.44690531
-1,80,24.99806244
-1,80,24.35100789
1,90,20.00347464
1,80,27.11631615
-1,110,5.208273641
1,80,24.54685849
1,120,8.260738545
-1,90,20.94508511
-1,90,17.67136858
1,90,21.47097189
-1,120,6.586845442
-1,110,8.345630937
1,100,13.51876617
-1,120,7.360640021
1,120,3.201253119
1,100,13.64937285
1,80,24.15439069
1,90,16.38368875
1,120,8.538001257
1,100,13.04456475
1,110,8.970166503
-1,110,12.21225702
-1,120,2.822592263
-1,90,18.05734637
1,80,23.04614528
1,100,12.62127878
1,100,12.30576541
1,80,26.00412397
-1,100,12.63198081
-1,100,13.47766396
1,120,6.138278397
-1,120,8.244661908
1,90,16.23162399
-1,110,8.812206908
-1,100,14.104697
-1,120,4.608751478
-1,110,8.5959466
-1,110,10.95163659
-1,120,7.009969059
1,110,8.071899573
-1,110,8.293529164
-1,110,7.293214728
-1,120,5.771673632
1,90,19.75407816
1,80,28.07033559
1,80,24.80057168
-1,120,7.598867164
1,110,7.76874409
1,80,26.39983426
-1,110,9.774001624
1,80,26.27441374
-1,90,19.92725431
1,110,6.034086668
-1,120,9.404836928
-1,110,12.67480925
1,90,19.93632755
1,90,22.8893543
-1,90,17.06489394
-1,100,6.878533534
-1,80,25.1069234
-1,120,7.318579445
1,80,24.04463649
-1,100,15.80049762
1,80,24.1112892
-1,90,20.67536035
-1,120,8.333337607
-1,100,12.52549481
1,110,9.360335769
-1,90,16.90923488
-1,110,9.876834312
-1,110,9.094339059
1,120,6.24649822
-1,100,15.33860618
-1,110,9.03906925
1,80,25.02518378
-1,110,13.50067348
-1,80,23.72472453
-1,100,11.93114657
1,100,12.76289447
-1,90,18.54400281
1,100,16.42780912
-1,120,6.867165837
1,110,7.997303981
1,80,27.33394798
1,80,24.18122627
1,120,9.962030037
-1,100,12.78941438
-1,80,25.67797077
1,120,4.354023098
1,120,10.11997706
-1,90,20.82560617
-1,100,13.66699994
1,110,8.789474485
-1,90,17.69403925
1,100,15.22299613
-1,90,21.66122823
-1,120,5.144103195
-1,110,11.19050248
-1,80,28.63743195
1,110,13.21866653
-1,100,19.21689748
1,80,26.1280814
-1,90,19.65030286
-1,110,9.454387515
1,120,3.56971663
-1,100,12.98118352
-1,100,16.22806209
1,90,21.17933751
1,120,4.232704124
-1,120,5.976525367
-1,80,25.53571227
-1,120,8.38747985
-1,90,19.89538308
1,100,15.76345829
-1,90,19.19688952
1,100,14.94496146
1,120,5.452015896
1,80,25.80940134
-1,90,24.70391805
-1,110,11.85045083
1,120,11.97731288
-1,90,19.95354212
-1,110,9.169205094
-1,80,25.16277414
1,110,8.665759274
1,100,13.41409681
-1,80,24.33860722
1,90,14.43805065
1,90,19.66665664
1,80,23.40006033
-1,110,10.23348612
-1,120,7.324699947
1,100,17.13179142
1,120,9.407730672
-1,120,7.326498435
-1,110,11.92780955
-1,110,10.2182501
1,120,6.60889377
-1,80,27.4133864
-1,100,15.35108379
1,90,18.91890198
-1,80,31.02107854
-1,110,9.047322915
-1,110,11.61608763
1,120,7.476771484
-1,80,24.67305604
-1,110,11.23078075
-1,120,6.020753544
-1,100,13.20083353
-1,80,24.69916849
-1,100,12.12493046
1,80,23.98113813
1,80,23.60900755
1,80,26.88338172
-1,80,22.2132105
1,120,4.945399211
1,90,19.30178486
-1,120,7.30304169
-1,120,7.771841036
-1,110,9.341191175
-1,90,19.81970073
-1,80,25.171918
-1,120,6.768957402
1,110,9.777917537
1,120,11.64229342
1,80,26.12872982
1,90,15.28146593
1,90,18.3634419
-1,110,8.686409764
1,90,19.34125245
-1,120,6.138275775
-1,100,14.13778696
1,80,26.25625607
1,110,7.067444896
1,120,7.978518965
-1,100,10.53603351
1,80,27.20696201
-1,100,14.2355857
-1,110,7.20130823
1,120,2.357298618
1,90,20.33875376
1,110,10.65740978
1,90,18.50093669
1,80,25.40133412
-1,120,10.70886349
1,110,6.433419676
-1,100,13.08553866
-1,90,16.91619587
1,80,26.07040795
-1,110,9.079178006
-1,120,6.981592182
1,100,11.34524232
-1,120,10.46731996
-1,100,14.88776248
1,100,12.74827212
-1,100,14.1184912
-1,110,13.39745638
1,100,13.56453417
-1,90,22.2991084
1,120,9.787055279
-1,110,9.060590437
1,110,7.494272018
1,90,16.42226232
1,80,23.95081234
1,120,6.295045931
1,90,17.04290052
1,90,18.77021811
-1,90,18.31185432
-1,120,4.219609575
-1,90,17.02265578
-1,90,13.90381822
1,90,19.27501003
-1,120,7.996210353
1,110,11.39984493
-1,80,24.29901227
1,100,17.83794056
1,110,11.93032348
-1,80,25.92474574
-1,110,12.48127109
1,100,13.87792403
1,100,13.96512622
1,90,14.71316981
1,100,13.90570118
-1,120,9.058385661
-1,100,12.6483453
-1,80,25.29708653
1,90,23.72421436
1,100,13.53396762
-1,120,5.55923639
-1,120,5.058137621
1,80,25.83855482
-1,120,8.198102153
1,120,11.18324462
1,120,8.089744163
1,110,13.97517663
-1,110,10.92388303
1,120,6.894654572
-1,120,7.029575001
-1,110,12.33683082
-1,110,14.65889765
-1,90,18.5527746
-1,120,3.024197551
1,120,7.702492975
-1,120,4.803682302
-1,80,27.10064949
-1,100,12.12847655
-1,90,15.56273804
-1,120,7.233471577
-1,110,7.073625241
-1,90,20.02280673
1,90,16.3349004
-1,120,8.063647534
-1,100,19.72249077
1,80,28.17202283
-1,110,7.099558699
-1,120,8.139560516
1,110,13.30695472
-1,80,22.74640872
-1,110,10.94700017
-1,90,18.22298162
-1,80,22.33596617
-1,100,15.09666244
1,100,13.09904961
-1,90,18.61590872
-1,120,5.316390302
-1,80,26.1363334
1,110,8.258536387
-1,90,18.91533989
1,120,10.56397412
-1,80,22.72249876
1,80,24.65032913
1,120,11.36515452
-1,110,12.45596493
-1,80,26.32428215
1,120,2.071610948
1,90,19.39508049
-1,80,27.42420656
-1,110,8.552273754
-1,110,8.474918521
1,110,6.020353527
-1,110,12.66402655
1,120,7.127569116
-1,120,7.035315753
1,80,26.58430493
-1,120,10.02647724
-1,120,7.466223252
1,100,13.66726466
1,120,5.956230995
1,100,18.04504512
-1,120,7.517146496
-1,100,10.09895998
-1,110,10.94207426
-1,100,13.9622302
1,120,5.353377442
-1,90,18.25874422
-1,120,6.362719587
-1,90,19.05849359
-1,110,15.14049754
-1,120,8.981386126
1,110,12.15280255
-1,110,10.53627115
1,80,24.91785651
-1,110,13.62370516
1,120,4.069314874
1,110,6.153623343
1,90,15.76448999
-1,90,19.76542359
1,90,21.65890471
1,120,9.276408882
1,110,14.80899849
1,90,20.49853664
1,100,15.52428348
1,80,22.42637398
1,80,27.32151528
-1,100,10.47651311
1,80,25.46999338
-1,90,20.20911465
-1,110,10.9096918
-1,120,7.699342936
1,80,25.50846165
1,90,17.90437327
1,90,18.72111087
-1,110,10.37349853
1,80,23.96852092
1,110,12.54400258
-1,110,11.21412192
-1,120,6.547525181
1,90,16.14778388
-1,90,19.21104557
-1,80,24.84837735
1,100,18.9559818
-1,120,10.77050399
-1,120,9.108328134
1,100,9.149677781
1,100,14.87653098
-1,90,18.16304586
1,100,17.40735001
-1,110,6.724888753
1,100,10.08784625
-1,80,24.32168467
1,120,6.811948949
-1,80,27.3622044
1,90,18.12361504
1,80,26.88015792
1,80,24.14854991
-1,120,6.695804095
1,90,20.18968613
-1,110,10.41449015
-1,90,21.27152453
-1,100,11.13339824
1,110,6.718606497
1,100,12.54605533
-1,80,23.00111349
1,120,6.7378503
-1,80,25.54311088
-1,110,13.56389494
1,80,26.96550761
1,110,9.177906946
1,80,24.00735476
-1,110,7.84847181
1,90,21.86635805
-1,90,15.09984683
1,110,14.58995624
1,100,12.47283676
-1,110,6.958665744
1,90,17.98849671
-1,80,24.23939753
1,80,21.86299487
1,90,18.91078461
-1,120,8.13306987
-1,100,12.01409415
1,100,11.68490436
-1,90,18.89160674
-1,80,26.17808908
1,100,15.52040833
-1,90,19.95631835
-1,110,8.16376617
1,110,9.973995305
1,120,5.458736182
1,80,25.20446134
1,90,18.16890159
-1,90,18.08087615
-1,100,10.92846417
1,110,10.83865633
1,90,20.79398498
-1,90,18.39701369
-1,90,21.60904745
-1,110,8.174951176
1,80,25.0568355
1,90,20.47171654
-1,110,8.553954154
1,100,13.33783103
1,100,15.33865544
1,110,9.192246319
-1,110,7.900537909
-1,80,25.0211386
1,110,11.5306824
1,100,13.13403731
-1,80,23.14236004
1,120,5.032172628
-1,100,14.97956517
1,90,17.17957959
-1,80,25.3755954
1,80,24.86747169
-1,90,18.34949041
1,80,23.30549965
1,80,24.52726732
-1,120,5.85254784
-1,120,5.112135868
-1,100,10.85864821
-1,120,3.531379455
-1,90,14.61873808
1,90,20.1301662
-1,120,11.44214378
-1,110,14.01872224
-1,120,5.736775679
1,90,16.78628246
1,100,11.50582859
-1,120,3.381082567
1,120,7.022920368
1,80,24.32697529
-1,120,6.815929935
-1,100,15.70202655
-1,120,6.871507421
1,120,6.776542459
-1,80,26.41400787
1,90,16.15987434
1,80,23.10216139
1,100,15.00177329
-1,80,27.2407476
-1,80,25.24983392
-1,100,11.43599242
1,80,27.00469964
1,120,6.170739052
-1,80,25.47216043
1,100,10.68939102
-1,110,7.020195068
1,110,4.590029933
1,90,15.9519886
1,100,19.13568017
1,100,15.98958711
-1,120,5.669366988
-1,120,4.92123885
1,110,6.774390295
-1,110,9.944775066
-1,110,12.95302065
-1,80,24.45879297
-1,90,16.78989949
-1,120,5.922082273
1,80,24.18733294
1,120,5.542381034
1,100,9.098351781
-1,80,24.83977094
1,110,10.54257253
-1,120,4.878189085
1,100,14.73903979
1,80,25.99483265
1,90,18.76771838
-1,80,26.25838182
1,110,9.679058468
1,100,11.99429476
1,110,9.14032597
1,80,24.96400807
1,100,9.878021456
-1,110,9.361896391
-1,80,22.44593629
-1,110,4.54326905
1,120,8.008477311
1,100,15.40597137
1,100,12.40427589
1,80,23.69551472
1,80,24.97242412
1,90,17.44997814
-1,120,5.229496226
-1,90,20.28489058
1,110,7.943810203
1,90,19.13997844
1,90,20.09718191
1,80,23.86749434
-1,80,25.2791963
1,90,18.68020226
1,120,7.752816264
1,110,10.08845751
1,120,6.706754591
-1,90,20.60940398
-1,120,7.802883793
-1,80,26.1067749
1,90,20.23431348
1,120,10.24610817
1,90,20.01500397
-1,110,10.93691141
-1,110,8.599955865
-1,100,13.34124027
1,80,24.53913899
-1,120,5.715961074
-1,90,19.76555808
-1,80,28.32402783
-1,100,11.16678462
1,100,15.10113479
1,110,10.7208982
1,90,18.35198648
1,120,8.466565464
-1,100,11.72932587
-1,120,6.770597636
-1,110,10.81445485
-1,80,24.86453903
1,90,21.42039649
1,120,11.17149854
1,110,8.972027316
1,110,6.683273159
-1,80,23.20714275
-1,100,16.91557076
-1,100,16.71780382
-1,80,24.58344384
1,110,13.25891596
1,100,13.51935374
1,80,24.31939722
1,110,11.3126958
1,90,16.0821351
1,100,14.69418595
1,120,7.797815189
-1,110,9.253007931
1,110,12.59690865
-1,100,14.62550698
-1,100,17.96996702
1,100,16.53013588
-1,110,11.76653974
-1,100,12.94575541
1,90,21.88293705
1,100,11.71912934
1,120,9.860555505
-1,120,8.137632462
-1,90,20.05911316
-1,100,16.19606089
1,90,18.31166324
-1,120,7.48659292
-1,90,19.51249491
-1,90,19.56195687
1,120,6.507317586
-1,120,8.87763539
1,80,24.14408353
-1,90,19.42135112
1,120,8.945689701
1,80,25.5959191
-1,80,22.75886916
-1,80,23.78164191
1,90,17.92497914
-1,90,15.95275342
-1,110,8.417500097
-1,100,8.903601524
-1,110,8.825284235
-1,120,5.729304905
1,110,3.602970842
-1,100,13.05070806
-1,110,9.512332745
1,110,10.98957402
1,110,10.85113147
1,100,14.02682014
-1,80,23.25115819
-1,80,25.82321251
1,90,19.84496929
1,80,23.90868686
1,110,9.781046592
1,100,9.203113469
-1,110,9.777800057
-1,110,7.488140044
-1,90,20.71404576
-1,110,8.606219203
1,110,8.941192998
-1,110,9.489383954
1,120,6.514914431
-1,100,14.45126234
1,90,15.87992172
-1,110,5.994029242
-1,90,20.19916673
-1,80,25.13165931
1,80,27.03201599
-1,90,19.716833
1,120,7.906567177
-1,110,11.21236433
-1,80,24.60530734
-1,110,11.36587094
-1,80,24.86179007
1,100,14.23503939
-1,90,20.92697664
1,90,18.78787725
-1,100,16.6714936
-1,110,7.816648339
-1,100,12.50101038
-1,100,15.27585361
-1,80,26.86462362
1,110,11.85252859
1,110,12.43202063
-1,100,11.92495806
1,90,19.05002945
1,90,17.0285713
1,90,19.72703715
-1,110,9.601876163
-1,80,24.91006395
1,120,6.760615493
1,120,5.849909276
-1,110,7.348561418
1,80,24.88583214
1,90,22.01322903
1,100,11.33855402
-1,110,6.503347318
1,100,14.57188642
-1,80,24.27400869
-1,120,12.74024586
-1,100,12.90076258
-1,80,25.31296506
1,120,8.687506961
1,110,6.480727951
-1,110,12.18159184
1,80,25.67363526
-1,90,16.60160394
1,90,18.54483292
-1,120,7.257052495
1,110,5.805455542
-1,120,6.675510561
1,110,10.42428771
-1,120,4.435528401
1,90,21.08616619
1,80,26.00517628
-1,110,9.187239735
-1,110,11.55242974
1,80,23.95226394
-1,100,16.09919598
-1,100,13.04212109
1,80,24.93020523
-1,90,21.38045255
1,90,18.09158677
-1,90,16.70141261
1,120,10.23105294
1,80,27.45103862
-1,110,6.685430376
1,100,15.50943106
1,110,6.867630937
1,100,11.85893008
1,110,7.017532276
1,80,24.02120209
1,90,17.3604318
1,120,6.060880535
1,100,14.71181262
1,90,16.21129456
1,110,10.2451065
-1,100,13.03710695
-1,120,8.46655013
1,100,12.55604352
1,80,23.95096092
-1,120,5.506694969
-1,120,4.51317273
1,80,25.3036754
-1,110,11.79810036
-1,110,11.9822504
-1,80,25.54871892
1,120,7.200250221
-1,100,13.76910175
1,80,23.9220215
1,120,5.988773229
1,110,14.03176196
1,120,8.523564084
1,120,7.620972026
1,120,5.346928792
1,110,7.638101636
-1,120,7.177175477
1,120,5.907872955
-1,80,25.4408246
-1,100,11.4817252
-1,100,14.10529728
-1,120,8.698742544
1,120,4.405462143
1,80,27.24850758
1,80,24.69918698
-1,120,10.099822
1,80,24.84623658
-1,90,18.83876094
1,90,20.58557046
-1,90,18.96723892
-1,90,17.89548414
1,100,15.09979102
1,110,10.11191919
-1,100,10.65136354
1,120,7.59727297
-1,110,10.33831977
1,100,13.66580072
1,110,7.300670484
-1,80,25.87924152
-1,120,8.377580222
1,120,7.314825394
1,120,10.96058589
-1,100,7.802880738
-1,90,15.36430965
1,100,15.90187049
1,80,26.07566478
-1,100,13.5533938
-1,90,16.45364704
-1,90,18.23886696
-1,80,26.43959998
1,80,24.07771102
1,90,18.95895154
1,110,7.850658615
-1,110,9.68308802
-1,120,6.105215012
-1,110,11.81408212
-1,120,9.757165367
1,80,25.64088641
-1,120,6.066691366
1,90,22.07872183
1,80,26.2514865
1,100,15.30921837
1,80,24.85943854
1,120,9.13573119
1,110,12.50429644
1,100,13.46384872
-1,110,7.716881611
1,120,6.563663783
-1,80,25.47106894
1,110,9.404377889
1,80,24.0560027
-1,90,18.85762445
-1,80,25.54966605
-1,80,24.75854766
-1,80,22.8962736
-1,120,8.391410979
1,100,13.06807105
-1,80,26.10465036
1,80,24.64286421
1,90,18.94231495
-1,100,14.03110276
-1,100,14.92468323
-1,100,8.188366688
-1,80,27.09371975
1,90,18.52512321
-1,90,20.56596723
1,90,21.61103813
-1,80,25.94651873
-1,110,7.441743993
1,110,10.67381708
-1,120,7.422801752
1,120,3.722099924
-1,90,21.21316098
-1,100,9.083964047
1,80,22.69761154
-1,120,11.26779115
-1,80,26.5362394
-1,90,16.5498192
-1,110,12.12194228
-1,110,9.676950861
-1,100,14.83829188
-1,90,17.56561426
1,110,8.424563657
1,100,12.41049987
1,100,17.86522616
1,90,19.23817352
-1,100,12.05219932
-1,100,13.93474627
1,110,9.528969337
1,90,18.13391001
1,100,11.47190108
-1,120,6.894856371
-1,80,24.21419743
-1,80,24.46320187
-1,100,13.73305275
-1,80,25.45237806
-1,80,24.00490764
-1,80,24.83525089
1,80,26.66133254
1,110,7.833453887
-1,110,5.514079077
1,110,13.14007602
1,80,21.65655078
-1,80,24.27299436
-1,90,20.87151419
-1,90,18.79382445
-1,90,21.61325687
1,100,11.33797098
1,100,13.96768494
-1,120,5.190280543
-1,90,17.54489276
-1,90,18.22596352
1,110,14.80861231
-1,110,7.731971412
1,80,22.80396578
-1,100,11.112347
1,110,10.87458992
1,80,27.41169553
1,80,22.57928541
-1,100,16.41160609
-1,100,13.41529868
1,90,20.4228205
1,80,25.29316138
-1,80,24.27141248
1,110,6.646639568
-1,100,15.37261244
-1,110,13.0082194
1,80,25.34202144
-1,100,12.95813622
1,90,18.42608833
-1,110,14.44450255
1,80,23.62419196
1,120,8.450961398
-1,80,26.43298287
1,120,10.41007354
1,80,28.49947027
1,90,20.70072434
-1,120,6.510202733
1,90,19.42994193
1,120,7.709542346
1,80,24.48592184
1,90,18.77921589
1,90,20.4343674
-1,90,17.9617249
-1,100,16.77836658
-1,120,4.571008129
-1,80,24.79066963
1,100,20.00507086
1,80,27.10085677
-1,100,15.92189692
1,120,7.285641943
-1,80,23.03646238
-1,90,16.67120754
1,90,15.79918193
-1,100,11.45103149
-1,120,6.830985161
-1,110,6.548624629
-1,90,18.2172732
-1,100,13.01462802
1,90,16.96401775
-1,110,9.986315322
1,120,7.657698048
-1,110,7.969839729
-1,90,22.88596659
-1,90,19.97185654
1,100,15.20530781
-1,120,6.674817998
1,90,19.66888167
-1,80,25.67730159
1,100,12.47687877
1,90,15.91018545
1,110,10.54556354
-1,110,9.422549988
1,120,8.182536833
1,80,27.1474696
-1,90,17.81267351
-1,110,4.809123968
1,100,13.65139049
-1,80,26.82116535
-1,120,4.652888509
-1,100,10.22102866
1,90,20.14948793
-1,110,8.14599251
-1,110,8.061258176
-1,110,12.32434997
-1,120,10.45932562
-1,110,9.682953406
1,80,25.78363721
1,100,14.36230586
1,90,17.70400551
1,80,22.836176
1,80,25.65521051
-1,100,14.24664983
1,90,15.62708019
-1,80,23.40888766
-1,80,23.92364883
-1,90,19.9125356
-1,120,10.92082814
-1,80,24.22742222
1,90,19.33004247
-1,120,5.017131721
-1,110,7.586196499
-1,110,10.22001836
1,100,17.7164801
-1,120,9.328506117
1,90,20.24543872
-1,90,18.97186789
1,90,19.39204428
-1,90,19.20086725
-1,100,11.72034361
-1,120,11.30178647
-1,100,15.8751331
-1,100,15.20639136
1,110,12.44740902
1,90,21.48362999
1,110,11.98310637
-1,90,18.0912569
1,90,16.79925395
1,100,12.42089219
1,80,23.76780091
1,80,29.2510291
-1,80,25.84330779
1,110,7.832582759
1,80,25.17607308
-1,120,12.42740692
1,80,23.27803721
1,100,11.39057413
-1,100,13.34213265
-1,100,15.69840223
-1,110,9.075412659
-1,110,13.25773189
1,120,7.646078779
-1,80,26.54161201
1,90,20.31152852
1,100,17.18936534
1,80,27.00422267
-1,80,24.85769579
-1,80,24.08062789
-1,90,19.8060135
-1,110,9.67335165
-1,120,7.144023024
1,110,8.764600893
1,120,4.814581896
1,90,18.42647879
1,100,13.69651701
1,100,14.59725711
1,80,25.27812434
1,90,19.55189155
-1,110,10.06858911
1,120,4.320208496
-1,110,7.294764229
-1,120,4.693622009
-1,100,16.03242616
-1,80,25.9757565
1,110,8.933493214
1,110,8.028862849
1,90,19.49857973
-1,100,14.0971144
-1,100,17.35504561
1,120,9.172711352
1,110,10.27187177
-1,120,10.19272955
1,80,25.62171179
1,90,17.47503571
-1,100,11.84168402
-1,80,26.16527995
1,120,7.457326984
-1,120,7.055253237
-1,110,16.46717893
1,90,15.92136966
-1,80,24.34514706
1,100,13.67902244
-1,120,8.841802944
-1,110,12.51907808
-1,120,7.740927486
-1,90,20.23481745
-1,80,24.4637303
1,110,11.86463446
-1,80,26.51644561
1,100,13.32288458
1,100,17.96589689
-1,110,9.738367542
1,100,18.4273328
1,80,24.77628393
-1,80,25.53477103
-1,120,9.054326851
1,110,11.69753002
1,100,13.44901268
1,90,18.94716125
-1,100,11.98540606
1,90,19.05613012
1,90,16.82166867
-1,80,26.169868
1,80,25.35097464
1,110,9.358115308
-1,90,19.32804772
1,120,10.77823714
-1,110,13.69682777
1,80,27.35332074
1,90,19.6041265
1,80,26.05524021
1,110,14.42052839
-1,110,5.536072518
-1,100,14.0005907
-1,120,7.056133783
-1,110,7.539484628
-1,100,13.02566945
1,110,12.54431777
1,110,10.16739855
-1,80,24.44971246
-1,100,12.6005348
1,100,14.78785386
1,110,8.951451537
1,120,8.579225629
-1,110,6.43570754
-1,80,23.62132951
1,90,16.72993328
-1,100,16.41977657
-1,80,23.9129855
1,100,11.0002245
-1,80,24.21370608
1,120,6.380819839
1,120,3.542457924
-1,80,22.90877648
-1,110,12.70182654
-1,80,26.24445053
-1,110,8.563834311
1,100,10.81716141
1,90,16.29329286
1,110,6.630627451
-1,110,11.33215812
1,110,10.9337924
-1,110,10.46574703
-1,110,10.76858502
-1,120,9.547740381
-1,100,18.15957204
1,110,13.41672023
1,100,10.92439619
-1,120,7.20836786
1,120,4.626484398
-1,100,12.21507933
-1,90,17.081463
-1,100,12.26261544
1,100,12.28686895
-1,100,12.99825145
-1,110,9.450946718
-1,110,5.815833779
1,90,20.39499041
-1,100,16.63435238
-1,120,6.733819833
-1,80,23.328066
-1,80,24.94132922
-1,80,22.55991357
1,100,12.47323954
-1,120,10.89349613
1,120,7.674289839
-1,110,7.779949463
1,100,12.47090461
1,100,12.67991521
1,90,18.38704694
-1,90,18.82325283
-1,110,8.155531321
1,120,7.487078065
1,80,25.92120295
-1,80,23.07833321
1,100,13.01602553
1,110,10.86346289
-1,110,10.77218406
-1,90,22.7154754
-1,90,19.60433382
-1,110,6.61553272
-1,110,9.010441899
-1,90,19.78848697
1,100,13.32050576
-1,80,24.98464545
-1,120,11.15108592
-1,80,24.92257349
-1,100,13.84633821
-1,80,25.56521544
1,80,24.51336676
-1,110,12.05447321
1,80,25.73998697
-1,100,16.34326428
1,90,17.54699129
1,110,6.754891413
-1,100,14.29431681
1,90,16.93761119
-1,80,25.34511295
1,110,10.80979586
1,110,11.78637155
1,90,18.88149029
1,120,8.013438804
-1,110,10.04543379
-1,110,7.039177009
1,110,9.65874757
1,100,12.05299781
1,90,16.37246259
-1,120,9.66174163
-1,120,10.5877696
1,80,22.77551556
1,110,8.47447274
-1,110,10.31410131
-1,110,8.955193584
1,110,10.80544239
-1,80,23.24600332
-1,100,13.43276714
-1,100,13.40220753
1,100,14.05866845
1,100,14.59533922
-1,100,14.39122722
-1,120,7.486927416
-1,80,25.80021302
1,90,19.33123987
-1,120,8.205062135
1,100,14.78099638
-1,90,22.08173061
-1,120,7.338043732
-1,100,10.67480165
1,80,27.93395453
1,90,19.00363495
1,100,12.71757364
1,100,14.52117548
-1,110,11.88693442
-1,80,25.9409717
1,80,24.05660783
1,120,7.072459855
-1,110,8.013191358
1,80,24.11430534
1,90,19.74035323
1,100,10.37894199
-1,80,24.67314437
1,90,19.21636232
1,100,13.13042558
-1,110,7.319458811
-1,120,6.671814516
-1,80,24.70718564
1,80,24.25228667
-1,110,10.52658888
-1,120,6.502357284
-1,120,8.964727152
-1,80,24.59117475
1,80,24.38509807
-1,90,15.21308766
1,110,8.197573067
-1,80,23.78799028
1,90,17.96198837
1,110,8.934283069
-1,110,8.442666741
-1,90,19.99065491
-1,120,7.009520095
1,120,7.156808685
1,80,23.27503392
1,80,25.57437242
-1,110,9.267426664
1,100,10.6216964
1,90,21.46648759
1,110,10.33822818
1,100,15.45372869
-1,90,14.96877715
-1,110,12.43374864
1,110,7.95950953
-1,80,22.87482424
-1,120,8.623116022
-1,110,11.2947855
-1,110,10.82019654
-1,120,5.164373099
-1,100,11.56152725
1,90,17.44590197
1,90,20.93570015
-1,80,24.11693217
1,80,23.73479251
-1,80,23.48526368
-1,120,6.130700982
1,80,23.41783551
1,80,25.01425772
-1,120,6.802197338
1,90,21.41299084
1,80,24.85966023
1,80,28.12609265
1,110,11.63985071
-1,80,26.53956718
-1,110,6.574410697
-1,120,10.95070943
-1,120,5.150794998
1,90,21.18155743
1,80,25.43866388
1,80,25.39902012
1,90,20.19970731
-1,100,11.22152997
-1,100,10.9607148
-1,100,15.08978524
1,100,15.18402101
1,110,9.856000787
-1,90,19.67659996
1,80,25.01051517
1,80,23.03602256
-1,80,23.21227533
-1,100,11.64397369
-1,90,19.63665894
1,120,8.081585401
-1,100,14.83176341
-1,100,11.41288655
-1,110,11.72495868
-1,90,17.26082848
-1,90,17.05303843
-1,120,7.899427984
1,100,13.34656686
1,120,8.050531238
1,120,8.43454891
-1,90,18.23151388
1,110,6.984730324
-1,120,5.536298559
1,110,6.874720115
1,120,7.598210603
1,110,8.061590119
1,110,9.095792176
1,120,6.98055544
1,110,5.731311405
1,80,25.04414419
1,100,8.863346739
-1,110,9.672213664
-1,90,20.73757784
-1,90,18.71288326
1,120,4.757506337
1,100,15.93973325
-1,110,6.711889353
1,80,24.09685928
-1,100,10.87254065
-1,120,7.038536639
-1,120,7.718605429
1,90,22.59375763
-1,110,9.275864005
-1,120,10.16051888
-1,90,19.71807616
-1,110,9.316994804
1,120,1.282745747
1,90,19.32446436
1,110,9.268293437
1,100,11.51987616
1,120,6.461291762
-1,110,7.363103533
1,110,11.49937776
1,120,4.550117591
-1,100,13.49689976
1,120,6.794720359
-1,80,24.95344492
-1,80,25.74346093
-1,120,7.853752868
1,80,25.47917664
1,110,10.08921831
-1,90,15.39521163
1,80,23.40028329
-1,100,15.22773456
-1,100,11.30439619
-1,90,18.38834924
-1,100,16.27112361
-1,90,16.79077464
-1,120,6.385110543
-1,100,12.74688566
1,120,7.257496524
1,110,12.43428098
1,90,18.23699248
1,120,9.481966039
1,100,17.01716456
1,120,7.500733695
-1,80,25.53412941
1,100,16.25661341
-1,90,22.43808492
1,80,24.26363632
1,80,24.37976445
-1,110,8.739987559
1,120,6.754287594
1,120,6.442375305
-1,100,18.67255618
-1,120,8.373218233
-1,80,25.93531864
1,80,24.09740852
-1,90,16.76110739
-1,110,10.17179243
1,80,26.36668464
-1,120,10.53362755
1,120,11.3326853
-1,80,24.9111102
1,120,8.080480877
1,90,18.83995999
-1,80,26.40757313
1,110,11.21695608
1,100,13.22336039
1,100,13.82206846
1,80,23.61662042
-1,90,18.63550525
1,100,12.55609176
-1,90,15.39269644
1,80,24.53023695
-1,90,15.59738682
-1,110,12.81506433
-1,80,26.27376228
1,110,9.894341591
-1,90,18.40910958
1,120,5.554438836
-1,110,8.172629553
-1,80,28.55783518
-1,110,7.436546904
1,110,10.48933595
-1,100,14.98603254
1,100,10.71047339
-1,120,5.398716745
-1,100,12.118115
-1,120,6.481594429
1,90,21.32430548
1,100,12.00669443
-1,110,8.6209332
-1,120,3.115948818
-1,100,14.17590287
1,110,7.618111406
1,100,14.8322779
-1,120,6.121033913
1,110,6.603565075
1,110,15.5047925
1,110,8.522348874
-1,110,14.25154593
-1,90,19.93486001
1,90,15.43714667
-1,120,9.278240697
1,100,13.53056871
-1,100,15.75812724
-1,80,25.82902754
-1,110,4.556832102
-1,110,8.369528442
1,100,13.39877973
-1,90,19.52827991
1,80,24.56895694
1,100,15.00158047
-1,120,5.764632053
1,120,5.719442231
1,120,9.422734411
1,110,11.86920063
-1,120,5.070189975
1,80,21.95613639
1,110,7.331823032
-1,90,16.91108184
-1,110,11.92418253
1,100,15.35499601
-1,110,8.48825904
-1,80,24.55570466
1,120,7.652941372
-1,100,12.00787633
1,90,20.09930277
-1,110,12.92240818
1,100,14.59800086
1,90,19.41887825
-1,110,7.107764563
-1,110,9.105520629
-1,90,16.21552164
1,120,8.439564557
-1,80,23.15668762
-1,100,11.1298324
-1,100,9.042608426
1,80,27.95918453
1,120,7.761621822
-1,110,6.035000404
1,110,11.02153809
1,100,10.36802444
1,110,11.17133037
-1,100,15.6510674
-1,80,24.24323604
1,120,6.184666612
-1,110,10.54074278
1,90,18.83303604
-1,110,8.165343599
1,80,25.02526471
-1,120,9.803814263
-1,100,15.7962577
1,80,25.72678874
-1,120,8.629752523
1,90,17.20152917
1,80,25.90610889
-1,90,19.14607272
-1,90,17.37227034
-1,90,17.54199077
1,100,17.207159
1,80,27.52825324
-1,90,19.71827426
1,110,9.380525654
1,110,12.66400453
1,100,14.1843035
-1,90,21.14457914
-1,90,17.68891391
-1,100,11.21996718
1,80,28.6249342
-1,90,21.00259107
1,80,23.81857325
-1,120,5.631019714
-1,120,7.134407166
1,100,12.35539984
-1,110,9.59137206
-1,100,15.2993563
1,110,9.004499672
-1,120,7.254717172
-1,110,9.946692578
-1,80,25.13810046
1,90,18.60088985
1,100,20.36752769
1,120,7.890021689
-1,80,23.37175505
-1,110,15.02613672
1,100,9.975674627
1,110,6.2146591
1,80,22.38048531
-1,110,9.925594058
1,80,22.86051867
-1,90,17.87824312
1,100,13.21203248
-1,110,7.946547606
-1,120,5.81398392
1,120,3.091279326
-1,80,22.93572612
1,90,19.23500004
-1,90,18.55561218
1,120,8.491979986
-1,90,15.03280602
-1,80,25.79295194
1,120,7.618771186
1,90,19.3407488
-1,120,9.018779551
1,90,14.33674735
1,80,26.72952466
1,100,12.98387918
1,120,7.934453971
1,120,7.112307934
1,100,13.68481675
-1,110,9.368687476
1,110,7.507258809
-1,120,7.020850597
1,80,23.79650552
1,90,20.63704698
1,80,24.65138235
1,110,7.926914065
-1,90,19.75801895
-1,80,26.97538698
-1,120,9.681951318
-1,80,25.42669368
-1,80,24.08211759
1,120,6.158973227
-1,110,10.38634438
-1,120,4.413701187
-1,110,7.573253219
-1,90,20.90769998
-1,90,16.89145998
1,80,26.31946458
1,90,15.85268837
-1,90,16.57586301
1,100,9.983489453
-1,90,18.66206596
1,120,6.240791243
1,80,24.87508219
-1,80,28.43208598
1,110,10.28271626
1,110,11.1338033
1,120,5.316881478
-1,90,20.84333362
1,90,17.42134611
1,80,24.5602324
-1,90,20.01627364
-1,110,12.74343925
-1,120,4.172172814
1,90,18.0014422
-1,110,10.4658074
1,100,16.99712838
-1,110,9.848301962
-1,80,24.21954951
-1,120,8.311675293
-1,100,15.53308089
-1,80,24.59099339
1,110,9.011958428
1,80,25.31821381
-1,90,19.74225297
-1,100,11.82541869
1,80,26.70557543
1,90,20.08162867
1,90,19.83361337
1,100,17.05156486
-1,100,15.67603895
1,100,13.30620952
1,120,6.302398038
-1,100,13.08377923
1,120,3.812873994
1,80,23.73830272
1,120,4.712463329
1,110,7.677077903
-1,100,14.60959773
-1,80,23.62463932
1,120,8.765631398
1,100,14.96976711
1,120,4.110696024
-1,120,8.547119417
-1,90,15.53960743
1,100,15.42510839
1,80,27.10324626
1,110,10.37855645
1,110,8.378132123
1,90,17.88060349
1,100,12.8538986
1,100,15.24156739
1,110,10.97442531
1,120,5.676100349
-1,90,18.38698749
-1,100,11.30551775
-1,90,15.03785882
-1,90,17.88645896
1,110,8.690106599
1,80,25.45865434
-1,100,9.232185892
1,100,11.32732339
-1,120,6.461869605
-1,90,17.67732989
-1,100,12.59536601
-1,80,25.09835842
-1,90,19.28132902
1,90,18.13987762
1,120,8.222600593
-1,110,11.48887903
1,110,9.164346532
1,90,16.82040358
1,120,7.945759312
1,90,15.48010957
1,90,19.92087655
1,110,7.631310475
-1,80,25.1270037
-1,80,24.03106287
1,90,20.87120723
1,80,23.67703972
1,110,10.54844282
1,120,3.178352986
1,80,24.86574604
1,90,15.28344097
-1,110,9.938561009
1,110,10.8477132
1,110,7.840737547
-1,80,24.40610083
1,100,16.43381474
1,100,9.440825367
1,110,8.564226517
-1,80,26.02722608
-1,110,11.99763636
1,80,24.39169519
1,120,12.47408621
1,120,4.161102059
-1,110,13.31777217
1,90,19.8903925
1,100,13.18247999
1,110,9.114546683
-1,120,7.342009795
1,120,7.266664206
1,80,27.54933464
1,110,11.30683591
1,120,6.073542553
-1,120,9.158259271
1,110,11.19821803
-1,80,29.29817656
1,120,5.316633045
-1,80,26.79929441
-1,90,18.96200005
1,110,10.8959195
1,100,15.8099628
-1,100,14.72814921
1,80,25.69213094
1,110,13.39612489
-1,120,8.474997814
1,110,11.39695081
1,120,3.247700031
-1,110,12.52200756
-1,90,19.27591423
1,120,8.699039708
-1,120,8.58871702
1,100,14.49039883
1,110,6.277089218
-1,90,22.36847444
-1,90,20.86460315
-1,120,10.05249949
-1,90,19.64278349
-1,100,11.75174725
1,120,6.085466227
1,100,13.61788704
-1,80,21.83616537
-1,120,5.224432334
1,110,7.413782923
-1,80,24.49650258
1,90,20.59913144
-1,100,18.40911476
-1,100,13.8817211
-1,90,19.39780633
1,90,17.78215165
-1,110,10.25336247
-1,110,9.609252756
-1,110,10.41516732
-1,90,18.75274947
1,90,17.4068066
1,80,26.6834469
-1,90,17.16130258
1,80,23.30021587
1,120,8.603744994
-1,80,25.90356549
1,100,15.44391532
-1,90,19.4111678
-1,120,7.628881708
-1,120,9.010318528
1,100,13.34625758
1,100,13.10558675
-1,110,7.783864256
1,90,20.13685281
-1,100,16.88548223
-1,90,19.20702819
1,100,12.15049253
1,120,7.900256793
-1,120,9.080208847
1,80,26.74400752
-1,80,24.36290371
-1,100,14.83468348
-1,120,4.975485121
1,110,12.10322193
-1,110,9.74060723
-1,120,6.910903065
-1,110,8.806731535
1,80,23.93269046
1,90,23.79733166
-1,80,22.26318545
-1,110,8.520898606
-1,80,24.32080176
1,100,16.00332853
1,90,18.95253936
-1,100,12.85266868
-1,100,17.6650773
-1,120,5.853410213
-1,100,12.85146894
1,80,27.25913923
1,110,8.943354195
1,100,11.85492029
-1,120,5.943012473
1,110,7.274116884
-1,100,15.27693049
-1,120,5.689076991
1,80,27.25647775
-1,90,19.82561457
1,90,20.66071905
-1,110,10.6354247
-1,90,16.49387198
-1,80,27.06474373
-1,110,6.864053711
-1,80,24.34108491
1,110,6.626601406
1,90,19.98421057
1,90,18.13606119
1,80,26.99547071
1,110,11.81313285
-1,120,9.747166716
1,120,10.64601386
1,90,17.0689053
1,80,25.31557204
-1,120,8.506701425
-1,80,26.11596082
-1,80,23.88838786
-1,120,5.85680908
1,80,25.61533852
-1,100,12.3871356
-1,110,13.048304
-1,90,16.60497278
-1,100,11.97629407
1,80,25.58794626
1,80,26.4674952
-1,100,13.98145026
-1,110,12.38472392
1,80,24.65585712
1,110,10.81488806
-1,80,25.01687995
-1,100,15.28774343
-1,90,22.31882319
1,100,12.11620627
-1,110,11.99805323
-1,120,6.865722621
-1,110,9.423989915
1,100,18.75444529
-1,120,7.991801793
-1,100,14.07292547
-1,90,16.74595046
1,120,5.350609748
1,120,8.721048636
1,80,24.99296265
-1,120,5.361851598
-1,80,26.39254609
-1,100,12.89363761
-1,90,19.95883481
1,100,16.19382381
-1,80,24.79307451
1,110,13.33725035
1,100,12.34636247
-1,120,3.237645749
-1,100,16.06136981
-1,120,4.68114449
-1,110,12.20390658
1,80,24.80214758
-1,80,25.29260577
-1,110,9.341608287
-1,90,18.1038205
1,110,10.05625769
1,110,9.420801098
1,100,13.88982862
1,110,9.034575468
-1,120,6.603589759
1,110,13.12070056
1,110,8.899999478
1,80,22.28904693
-1,110,7.726570523
1,110,9.581007577
1,110,13.81217242
-1,100,15.68070869
-1,110,10.70113479
-1,100,15.55064862
-1,110,9.130883521
-1,90,19.78154531
1,110,7.378994066
-1,90,19.87032307
-1,90,22.99239136
-1,90,19.44701851
-1,100,14.9001865
-1,90,17.7796682
-1,120,6.562088047
-1,100,16.55260103
1,80,25.20700329
-1,100,10.66458001
-1,80,25.70645208
1,120,8.637349001
1,80,29.76400166
-1,100,13.97796747
1,100,10.21633638
-1,110,10.3995672
1,80,26.34001033
1,90,14.72246782
1,80,23.99155332
-1,100,13.80271671
1,90,15.72219218
-1,120,3.2144623
1,110,10.36288911
1,110,10.48233445
1,90,19.27177673
-1,80,24.2979609
1,120,6.482120519
-1,120,6.452305231
-1,120,5.319200613
-1,80,23.32134381
1,90,18.97177811
1,80,26.4242125
-1,100,15.62195598
1,100,12.37231831
-1,90,19.74637674
-1,80,24.20615501
1,100,12.30655652
-1,120,7.725586884
1,110,6.078245599
-1,110,9.131310798
1,80,22.86023416
-1,110,7.584908156
-1,120,8.887545352
1,120,7.381472225
-1,120,9.772136029
1,90,17.12922904
-1,100,10.03984177
-1,100,13.96859192
1,110,9.636936615
-1,120,6.618062032
1,80,24.82350691
1,120,5.901997083
1,110,9.89416469
1,120,3.540303017
1,80,23.1931732
-1,90,19.55807664
1,120,5.139337777
1,90,17.84101037
-1,120,9.160746555
-1,100,12.55705044
-1,80,25.46543752
1,80,25.90542797
1,120,7.104492196
1,100,10.80707209
-1,80,23.03704442
-1,110,11.54596845
1,90,20.09286785
1,120,9.469181178
-1,90,17.34250714
-1,110,9.86938848
1,120,5.58379163
1,90,21.67092482
-1,90,19.88874869
-1,110,11.42804723
1,110,11.36012656
-1,90,16.51089554
1,120,9.301296779
1,100,15.00675405
1,110,13.15730996
-1,100,11.35130976
1,90,20.01761456
1,100,13.62542978
-1,90,20.73445459
1,110,13.26376528
1,80,28.53568272
1,100,13.33130038
-1,110,11.35205439
1,110,15.63416421
-1,80,24.76882146
1,100,13.15695437
-1,80,23.29688142
-1,110,11.22443219
-1,100,12.90768825
1,100,14.03942048
1,120,6.428129182
-1,120,4.477047155
1,90,18.51148206
-1,120,9.307326154
1,80,25.18793419
1,90,18.86569076
-1,120,11.80940165
1,110,11.85553917
-1,120,4.414277095
-1,100,12.5303041
1,80,23.70987804
1,80,25.29265492
1,90,21.54495078
-1,110,12.23714566
-1,80,22.84299098
1,90,16.99726513
-1,120,12.30988129
1,100,11.21343564
1,100,12.03177035
-1,110,11.58781887
-1,110,8.580814473
1,120,8.64588928
1,90,15.83600176
-1,90,18.87583823
-1,80,26.15638792
1,80,26.54246178
1,80,21.58205391
1,90,16.38916119
1,80,22.92718229
-1,100,17.96775881
-1,80,23.72427473
1,110,9.539025924
-1,100,15.7377039
-1,100,13.46857354
-1,120,9.493253359
1,110,12.42728689
-1,110,12.06500975
1,100,9.208731172
1,90,18.72852524
-1,90,20.53472963
1,110,11.3250543
-1,100,16.84223445
1,110,11.48184115
-1,100,15.84236928
-1,80,25.49424774
1,80,25.0297299
1,80,24.8855461
-1,90,18.5720536
1,90,19.50042105
1,90,16.96288082
-1,110,14.87698329
1,80,27.67020549
-1,90,17.51581299
-1,90,19.65106912
-1,110,11.45215096
1,110,15.07566271
-1,90,19.16443205
1,80,25.3583986
-1,120,2.503523566
1,120,3.859361161
-1,120,6.141329403
1,120,5.525606383
1,90,15.73643209
-1,90,19.46313458
-1,90,18.13575562
1,110,7.078774299
1,110,11.12105499
1,80,25.5732012
1,110,11.09812452
-1,120,8.809562192
1,120,6.609902822
-1,110,8.176262085
1,90,17.48788992
-1,110,12.24713511
1,80,26.05482684
1,110,10.0487546
1,90,18.15827172
-1,90,18.75281951
1,100,17.43208555
1,100,12.87502997
-1,80,24.31279262
-1,110,13.15357721
-1,80,23.54787929
-1,120,6.521764805
1,80,23.41369739
1,90,15.13383191
1,120,7.958932608
1,110,8.370958497
-1,90,18.21583184
-1,80,24.26156592
1,90,19.68890241
-1,110,9.034265538
-1,100,10.44582158
-1,120,6.396993435
-1,110,9.307726871
1,100,14.42072217
1,90,20.2328489
1,90,17.80665994
1,120,6.454266247
1,80,23.92513443
-1,100,15.04187901
-1,90,19.72112222
1,110,8.353598621
-1,100,14.26126201
-1,90,17.27818053
1,110,6.725544504
-1,90,18.79007704
1,100,13.87476288
1,80,27.58025569
1,120,6.04882981
-1,80,23.54878459
1,90,17.79067095
-1,120,7.191200675
-1,80,21.91607815
-1,90,16.44279358
1,110,10.40227593
1,90,17.97518221
1,90,19.52841995
1,100,14.24214622
1,110,7.920600538
-1,110,14.69556105
1,90,22.67290868
1,110,13.29992442
-1,80,22.62001828
1,100,11.87726509
1,100,12.34312012
-1,80,27.77720852
-1,120,5.518507291
-1,80,25.97987636
-1,110,15.60282958
-1,80,21.58164483
1,90,22.2576622
-1,80,26.30545391
1,110,7.48316847
1,90,17.22412947
-1,120,7.208943352
-1,90,21.06160976
1,120,7.244738137
-1,120,9.610331045
1,100,16.11724283
-1,110,6.27808003
-1,80,24.49010107
1,120,7.646838403
1,90,18.00169835
1,110,12.77486995
-1,90,16.48785267
-1,80,23.99255887
1,110,9.068887483
-1,90,20.37151751
1,100,16.91017774
1,120,4.978859738
1,110,6.529035569
-1,100,13.21541472
-1,90,20.97632858
-1,120,3.215615954
-1,110,8.29261003
1,100,13.87097672
1,100,14.08340289
1,80,25.83134424
1,80,24.41907809
-1,90,20.59851306
-1,120,7.215171753
-1,110,12.41996533
1,100,12.61279914
-1,110,8.571181433
1,80,26.97645432
1,80,25.60829395
1,100,14.32392921
1,90,21.29388842
-1,110,9.497990885
1,100,11.24053377
-1,120,10.37502691
1,80,27.57302064
-1,100,12.75637872
-1,80,22.72256151
1,120,7.344405731
-1,100,14.12896109
-1,120,5.160365681
1,120,4.955898764
1,80,24.52157661
1,120,7.258469365
-1,90,19.41968068
1,110,9.059696156
1,110,11.01609406
1,110,10.82079104
-1,80,23.76600507
-1,120,8.772755629
-1,90,17.81243427
1,90,19.10944074
1,110,9.373655165
-1,110,6.656624595
1,80,24.07043232
1,120,6.683825998
1,120,4.703415867
-1,100,13.78030552
1,90,18.00425848
1,80,24.3686663
1,110,7.260812411
1,90,20.30536361
1,90,22.21003455
1,110,7.517043654
1,90,21.83123979
1,110,11.27355799
-1,80,23.85487242
1,80,26.35020757
1,100,14.08341114
1,100,9.574124897
1,120,5.133700725
-1,100,16.98161901
1,120,6.933398186
1,110,8.312720739
1,90,15.72681823
1,120,5.15739447
1,80,25.19974531
-1,120,4.318728525
-1,90,19.80302961
-1,110,8.301091487
1,100,12.88213803
-1,120,9.095654646
-1,100,7.716156044
-1,90,19.63920171
1,110,11.57906723
-1,110,10.16766842
-1,80,23.98284829
1,80,25.20522202
-1,120,6.613099211
-1,120,8.603075291
-1,100,13.98841659
-1,90,17.9382481
-1,90,20.3528519
1,80,24.26826092
-1,110,10.05066694
-1,120,6.483386422
1,110,7.819223179
-1,110,8.777100844
1,80,27.68637153
-1,110,6.328382393
1,90,14.04481537
1,90,17.90934712
1,100,15.97619758
1,120,6.19929257
1,100,12.2260254
1,110,9.541942793
-1,110,8.141882027
-1,110,10.06298654
1,80,25.31430483
-1,120,7.681934308
-1,80,25.47447126
-1,120,6.384563656
-1,90,17.79404433
-1,90,16.07877755
1,120,5.659119821
-1,110,8.585587192
-1,100,11.64631195
-1,90,19.10249848
1,120,4.601575284
1,110,11.92378297
-1,110,7.472415448
1,80,24.52760801
1,110,8.840198577
1,110,10.43612816
-1,80,22.26626682
-1,120,7.983045575
-1,80,27.11861153
1,120,8.255551545
1,110,7.45262472
1,80,25.88290326
1,80,26.05652228
1,120,5.702859768
-1,100,17.17113837
-1,100,16.25375142
1,90,17.34339211
1,120,3.987458975
-1,110,6.4990137
1,120,5.14288415
1,100,14.89075023
-1,80,27.93518264
1,90,16.33300921
1,100,15.52641227
-1,100,15.75185132
-1,100,14.48505682
-1,100,17.02064864
1,100,16.38630364
1,100,12.1118811
1,80,22.86545415
1,80,24.48764337
-1,100,13.13049662
1,80,24.62101207
-1,110,11.78875669
1,80,27.82942114
-1,90,18.62763789
-1,120,7.337390346
1,80,25.17500457
1,100,9.867930033
-1,110,9.401482523
1,100,18.91779687
1,110,8.672662779
-1,110,7.8156202
1,100,15.77581723
-1,80,24.92867922
1,90,19.51981307
1,100,13.9996647
1,110,9.345521734
1,110,11.12347991
-1,100,15.69114221
1,100,12.64824101
-1,110,9.996335629
-1,80,25.66460976
-1,110,12.55260549
-1,80,23.58191419
1,120,8.344733691
-1,100,12.33421465
-1,90,22.4213052
1,110,8.496738371
1,80,22.64485576
-1,80,25.66338099
1,100,14.44324723
1,90,19.21008342
1,120,5.446347293
-1,90,19.55968819
1,90,15.94813094
1,100,13.75108943
-1,120,8.899833286
1,90,20.30278463
-1,100,12.50775035
1,100,15.81877727
-1,120,6.8202265
1,80,29.22929959
1,110,14.04910887
-1,100,16.34279093
-1,120,8.626524125
-1,80,26.71367446
1,80,25.0605472
1,80,26.58443915
-1,100,13.85499806
-1,100,16.19637309
1,100,11.96451992
1,90,19.28115416
1,80,26.45908412
1,110,9.074197316
1,110,13.08852284
1,80,29.93763094
-1,110,7.555598474
1,110,8.464399845
1,110,9.878094363
1,120,5.849824706
-1,120,7.351140558
1,90,17.36001853
1,90,18.61191549
1,100,16.11606828
1,110,13.56559489
-1,80,25.23462043
-1,80,26.08631512
1,120,6.008035236
-1,90,16.47883353
1,120,5.563417424
1,100,13.98126455
1,110,14.37540241
1,100,11.05755389
-1,80,25.13123129
-1,110,8.615233564
1,100,13.43265109
-1,90,19.89623282
-1,100,15.32671396
1,120,7.450679068
-1,100,10.76119356
1,90,19.43541707
-1,80,22.59577897
1,120,6.048764723
-1,80,24.91105913
1,80,24.84101782
-1,100,16.31196799
-1,110,14.99041837
-1,120,8.146502261
1,120,6.389360652
-1,100,12.5820323
1,100,11.77336691
-1,110,9.458092795
-1,90,19.43730787
-1,80,22.65799031
-1,120,4.546970995
-1,80,26.82572452
1,80,22.79526473
-1,110,8.993241804
1,100,11.08571973
-1,110,12.05836032
1,110,9.240733224
1,90,17.8858532
-1,90,21.47459679
-1,100,14.40090246
-1,120,6.815075805
1,80,26.48823019
-1,100,13.12698835
-1,110,10.38899966
-1,110,9.555941533
-1,100,16.36750383
-1,110,10.07455532
1,110,11.77051184
1,100,13.51660536
1,80,21.45381236
-1,110,13.15410159
-1,120,9.96836653
1,80,25.57335139
1,120,4.33911966
-1,100,11.53930144
1,90,18.58561835
1,80,23.39406165
-1,110,7.040042505
1,120,6.794655539
-1,110,11.50194278
1,120,8.705515447
-1,120,3.431022207
1,90,17.78135617
1,90,18.90306758
-1,80,23.34416426
-1,110,8.674427606
-1,120,7.642617913
1,90,18.37160466
1,100,13.88557558
1,90,19.56172223
-1,110,9.914839834
-1,90,20.37651958
-1,80,25.55625703
1,110,11.68868733
1,100,13.25585663
-1,110,11.62245901
-1,90,16.84408339
1,80,27.4256469
-1,90,17.91172854
1,100,15.68657046
1,90,18.71690182
-1,110,15.21862199
-1,100,16.08413724
1,90,20.50827071
-1,80,25.36064779
-1,110,10.24867821
-1,90,16.97588051
1,110,9.888545366
-1,120,8.072763643
1,100,12.27856408
1,100,13.98493502
-1,80,24.41176707
-1,110,9.350668469
-1,100,13.62219787
1,120,7.968325578
-1,110,11.26716189
-1,120,10.29641012
-1,120,8.106109696
-1,110,11.25102022
-1,100,11.04743127
1,110,11.59631454
1,120,4.278568043
1,120,8.485433985
1,110,11.42429633
-1,120,6.651415236
-1,120,8.256939994
-1,110,8.724777394
-1,100,14.7838594
1,80,23.19802672
-1,80,26.04968855
-1,100,13.98210547
1,100,14.43603922
1,100,16.3107795
1,110,7.852486318
1,100,14.58294266
1,90,20.82481902
1,120,3.125953813
1,120,8.468128741
1,90,19.56745959
1,100,14.49897345
1,110,11.71912039
1,80,27.41914324
1,110,10.60161855
1,100,15.58381571
-1,80,25.30524521
1,110,12.87858457
1,110,8.795020985
1,120,7.210736471
-1,80,26.74105643
-1,90,19.30277489
1,110,8.766173972
-1,100,13.12298559
-1,110,9.594657539
1,120,7.154363411
1,110,11.57226008
1,110,8.070577056
1,100,14.14598227
1,110,9.870559918
1,80,27.25816406
1,80,25.04851419
-1,120,11.80672382
1,120,6.447361106
1,120,6.58046344
-1,110,9.402017254
-1,100,14.26730695
1,120,5.573220268
-1,110,15.15029262
-1,100,14.05781063
-1,90,16.60954092
-1,120,9.579528065
-1,120,9.434550705
1,80,24.4755549
-1,100,13.04558752
-1,100,14.57330232
-1,90,17.35400634
-1,110,10.64710594
-1,100,13.39470943
1,100,11.0061554
-1,80,27.16241036
1,120,6.625136355
1,120,5.951094552
1,100,12.73159897
-1,90,17.35719835
1,100,15.06166159
-1,80,23.57531994
1,100,16.67602041
-1,90,21.35044126
1,100,10.3515043
1,110,11.19653557
1,80,25.12810861
1,80,26.90560445
-1,80,27.47367148
1,80,25.80215732
-1,90,20.65606085
-1,120,10.13931902
-1,110,11.0640973
-1,100,14.72405747
-1,100,13.28362425
-1,110,7.809559933
1,110,9.728287113
-1,100,8.599776726
-1,110,7.991174713
-1,90,18.23806064
1,110,10.94075833
-1,80,24.60689128
1,100,12.73837705
-1,100,10.47761451
1,110,10.8363205
1,80,24.35995563
1,90,20.45652896
-1,110,10.38308608
-1,80,24.72229168
1,90,20.78785769
1,80,22.74642039
-1,110,9.916605527
1,110,10.64853265
1,120,6.521951872
1,80,24.21097269
1,90,19.67772367
-1,110,11.90630859
-1,110,16.88258936
1,100,11.14265286
-1,90,16.64765875
1,120,4.396752317
-1,100,13.92777388
-1,110,7.166187263
1,110,9.844563023
-1,80,25.16748052
-1,120,8.394372088
1,90,22.74639142
1,120,6.899174821
1,90,18.44652036
1,110,14.09096824
1,120,7.481464585
1,80,24.83491666
-1,120,7.972552087
1,90,15.48110119
1,80,24.27038655
-1,120,4.823478219
-1,90,21.28958346
-1,120,7.188063449
1,100,14.86422076
-1,110,14.15541878
-1,100,18.5211586
1,110,13.85607738
-1,100,18.16429483
-1,90,20.16743524
1,120,3.643154085
-1,120,5.827446307
-1,80,24.74925576
-1,120,7.62491272
1,80,24.29085362
-1,110,8.728269305
1,90,21.15977408
-1,80,26.50716156
1,90,18.67700752
-1,100,11.05906403
-1,110,5.895793054
1,100,15.64258622
1,110,6.916285719
-1,100,15.66211368
-1,120,9.447402254
1,120,7.120111198
1,80,24.22097977
1,80,23.7475239
1,80,24.67432892
1,110,10.18486975
-1,80,24.98515256
-1,100,12.94923884
1,90,19.48291723
1,110,10.93085228
-1,90,16.58647482
-1,120,3.338013955
1,100,10.62107402
-1,120,7.879063117
-1,80,24.97206431
-1,120,6.220518579
1,80,24.19531678
1,100,13.69268569
1,90,17.12996044
1,90,17.42335498
1,120,8.344811571
-1,120,8.188788581
1,110,11.23511004
-1,80,24.17682061
1,100,13.34941361
1,80,22.87787462
-1,90,18.59517568
1,80,25.08418371
-1,80,26.26247124
-1,90,18.65528357
1,90,20.37982895
-1,90,19.09686847
1,80,21.92474642
1,80,24.08442437
1,80,25.88990572
-1,80,24.51632186
-1,110,10.04728394
1,80,28.16025463
1,120,4.290837591
-1,120,5.69201503
1,90,13.09831057
1,110,10.04506121
-1,110,11.47115892
-1,120,3.626369595
-1,110,10.8579522
1,110,11.61872291
1,110,10.16860303
1,110,7.736122293
1,90,16.81623163
1,80,25.98229815
1,100,12.30881658
1,80,25.97914118
-1,100,10.4276737
1,90,15.85226565
-1,80,25.54207161
-1,110,7.097385877
-1,90,17.23507601
-1,110,4.064593011
-1,120,5.208630464
1,120,8.967583192
-1,80,25.71432253
1,100,17.69287234
-1,120,9.294186099
-1,80,25.49152672
-1,100,17.43554646
-1,90,19.03876984
1,80,25.73924822
1,100,12.67358353
1,90,17.77741293
1,100,14.20400098
1,80,25.3971426
1,100,12.5628319
1,120,7.738648818
1,90,19.72861293
1,100,14.42949161
-1,100,15.25608865
1,120,6.623596867
1,120,9.085914046
-1,80,24.43808403
1,110,10.96012548
-1,80,23.2778153
-1,80,25.20207034
-1,100,15.97720838
1,100,15.72817336
1,80,22.66474985
1,120,7.982066586
-1,80,25.64631481
-1,90,15.72496287
1,120,12.0322891
1,90,21.67828483
-1,80,22.64922648
-1,110,9.457775709
-1,110,11.8427787
1,120,8.367637958
-1,100,16.35832164
-1,90,16.80323287
1,100,11.918484
1,120,5.401787686
-1,110,10.71926947
-1,90,15.54246599
1,90,18.20659531
1,100,12.79574297
1,110,10.1826926
1,90,18.64411577
-1,120,8.558383342
-1,110,10.83970234
1,110,7.765028086
-1,90,15.79786435
1,120,6.388334836
-1,100,10.50185214
-1,100,14.9820767
1,110,13.23738728
-1,90,22.31667278
1,100,11.24614893
1,120,4.292633711
-1,110,6.555904757
-1,80,24.98810957
-1,110,11.35505846
-1,120,6.44062045
-1,110,16.16069157
1,90,18.29745751
-1,80,22.84344053
-1,110,9.439920988
1,100,12.93362759
1,110,9.539675249
-1,120,8.919244073
-1,80,25.88631954
-1,80,24.1323726
-1,90,17.46187101
1,120,8.045411688
1,90,20.09762463
1,90,21.8490049
1,120,7.017532299
-1,80,25.32120934
-1,80,25.36210702
-1,120,8.537277113
1,120,6.651260764
1,90,20.24301915
1,80,22.61087177
-1,90,17.90514158
-1,120,8.520873654
-1,110,12.20749313
-1,100,10.32816898
-1,120,5.356296331
-1,110,11.98899403
-1,90,21.49431731
-1,100,14.44884697
1,100,12.75542307
1,90,20.77955774
-1,110,9.492045424
-1,100,13.24350969
-1,80,25.91979508
1,100,18.0651648
-1,120,9.054547855
1,80,25.54187593
-1,120,5.857050031
1,90,18.46428839
1,80,22.86184775
-1,110,11.74823412
-1,80,25.93686713
-1,120,6.580018238
1,100,13.07195081
1,90,21.18764875
1,100,11.7940408
-1,110,6.721769863
1,90,15.34428668
1,120,9.144728091
-1,110,11.06538562
-1,110,9.175353548
-1,80,24.40533701
-1,120,9.898106531
-1,110,10.18861375
1,90,16.63483881
-1,100,15.22755194
-1,100,15.92985175
1,110,6.86752248
1,120,6.977517969
1,90,19.42126452
1,90,18.78353548
-1,120,7.669737132
-1,110,7.453771307
1,100,17.39358566
1,110,9.914314156
1,110,5.735651898
-1,120,5.878928693
1,120,9.043403854
-1,120,9.076867167
1,90,18.44445549
-1,120,8.539439063
-1,80,26.35427327
1,80,23.31020718
1,80,24.85460633
-1,90,18.10175609
1,120,8.489194996
1,100,12.91737834
-1,90,17.5083036
1,110,6.530436176
1,80,28.0393189
1,100,16.44866525
1,80,27.54547397
1,120,2.487005342
1,100,15.57762919
-1,100,14.51475131
-1,80,25.32620646
1,90,13.3502949
-1,110,6.574093314
-1,110,9.631531622
1,80,24.80381507
-1,100,11.32025399
1,80,26.22828607
-1,80,24.78279115
-1,100,15.52757029
1,80,26.54061022
1,90,17.98172904
1,120,6.07731358
1,120,6.915379184
-1,80,26.49671596
-1,90,23.84409746
1,100,14.21836751
1,90,20.10137147
1,90,17.97680112
-1,100,9.679220155
1,110,13.30295043
1,120,7.326309975
-1,110,6.429010212
1,90,17.58966376
1,90,21.57691318
-1,110,14.2252408
1,100,10.55277079
-1,120,7.817840401
-1,110,10.80485898
-1,120,7.679556983
1,120,5.864939139
-1,110,8.262094735
-1,90,19.45114198
-1,120,6.443535325
-1,90,17.01491752
-1,100,14.28012793
1,90,18.68827403
1,120,6.581384863
1,90,16.71498401
-1,80,24.41595051
1,80,25.10184676
-1,80,26.3712207
-1,100,12.45219561
-1,110,9.414051543
1,110,12.19717432
1,100,16.04829874
-1,90,18.26521642
1,110,10.22413262
1,90,19.67537037
-1,80,26.88350253
1,110,10.87405166
1,110,12.70255064
1,120,4.045964781
1,120,9.050562239
1,80,26.11804164
-1,100,14.35217277
1,90,15.42984288
1,110,11.78355738
1,90,20.81195051
1,120,8.532990151
-1,110,7.998434391
1,100,14.05617097
1,110,9.829677602
1,100,17.02923614
-1,100,14.31016605
1,80,22.96622237
1,120,5.758830447
1,120,6.784924078
-1,100,13.35304034
1,80,25.71865294
-1,110,10.17124813
-1,110,6.564189072
1,90,18.72631555
1,80,26.92264652
-1,120,6.720610303
-1,90,18.02350797
1,90,18.227352
1,120,6.295953479
1,100,9.374745293
-1,100,11.22924775
1,90,19.5032171
1,100,13.92670718
-1,100,18.3793906
1,120,4.979615441
-1,100,13.89383596
-1,100,10.28858508
1,120,8.179029319
-1,110,9.141264265
-1,80,25.63697893
-1,110,10.61914452
-1,80,27.39246316
-1,120,7.208995153
-1,90,21.69279625
1,100,14.86708629
1,80,25.68520184
